ItemId,ItemStatus,PriceList
II310100T,False,פרטי
II510400FB,False,פרטי
II510500T,False,פרטי
II511400FT,False,פרטי
SK83016GISB,False,פרטי
SK82619GIS,False,פרטי
2CMK083016,False,פרטי
KF426800,False,פרטי
SK83016GTZR,False,פרטי
II310105B,False,פרטי
II510600KFT,False,פרטי
II510500B,False,פרטי
II511400FB,False,פרטי
II510600T,False,פרטי
II510600KT,False,פרטי
II511600KFT,False,פרטי
II511600T,False,פרטי
II710700B,False,פרטי
II710700KFT,False,פרטי
SK163016GISB,False,פרטי
2CMK162616,False,פרטי
2CMK163016,False,פרטי
2CMK1636200,False,פרטי
KF4321600,False,פרטי
2CMK163216,False,פרטי
KHX163216K2,False,פרטי
SK163016GTZR,False,פרטי
2CMW163015,False,פרטי
2CMW163216W,False,פרטי
SK163216GTZR,False,פרטי
2CMW163618Z,False,פרטי
SK163618GTZN,False,פרטי
SK323216GIS,False,פרטי
SK323216GVK,False,פרטי
SK323216SGVK,False,פרטי
2CMT1632160W,False,פרטי
2CMT1636180W,False,פרטי
2CMK3230161,False,פרטי
SK323215GTZR,False,פרטי
2CMW1632140,False,פרטי
SK323616GTZNC,False,פרטי
2CMT1640190,False,פרטי
2CMK643016,False,פרטי
SK163216VKB,False,פרטי
244729,False,פרטי
2CMK163015,False,פרטי
2CMW163618,False,פרטי
2CMW1636200,False,פרטי
2CMW3236180,False,פרטי
2CMW6436182,False,פרטי
2CMW128320164,False,פרטי
SK38160SL,False,פרטי
SK48260GRS,False,פרטי
SMD-4826SL,False,פרטי
SK416260GRS,False,פרטי
CR48261SL,False,פרטי
24162619S,False,פרטי
II711700KB,False,פרטי
II911900T,False,פרטי
II911900B,False,פרטי
II911900KT,False,פרטי
II910900XT,False,פרטי
II910920XT,False,פרטי
II910940XT,False,פרטי
IG5420B,False,פרטי
II511600KFB,False,פרטי
AMD-R53600-TR,False,פרטי
AMD-R53600XT-TR,False,פרטי
AMD-R73700XT,False,פרטי
AMD-R55600G,False,פרטי
AMD-R75700G,False,פרטי
AMD-R95900XT,False,פרטי
AMD-R95950XT,False,פרטי
AMD-TRP3975,False,פרטי
AMD-R55600X,False,פרטי
AMD-R95900X,False,פרטי
AMD-TRP3955,False,פרטי
AMD-TR3960WX,False,פרטי
AMD-TR3970WX,False,פרטי
AMD-TR3990WX,False,פרטי
CLM-SSD-M2C,False,פרטי
CLM-F50,False,פרטי
CLM-F70,False,פרטי
AMD-FANR5,False,פרטי
CLM-FT20,False,פרטי
AN3-A30,False,פרטי
CLM-F70CPW,False,פרטי
CLM-FT200,False,פרטי
CLM-F4110,False,פרטי
CLM-F4112,False,פרטי
CLM-F410RW,False,פרטי
CLM-F2129,False,פרטי
CLM-F610P,False,פרטי
CLM-FMA620M,False,פרטי
CLM-F2125,False,פרטי
AN3-C40,False,פרטי
CLM-F4101,False,פרטי
215-H610,False,פרטי
215-H100X,False,פרטי
215-H10043,False,פרטי
215-H115044,False,פרטי
215-H10046,False,פרטי
215-H115047,False,פרטי
215-H10050,False,פרטי
215-H150045,False,פרטי
CLM-L3610,False,פרטי
215-H15048,False,פרטי
94LC2800,False,פרטי
94LC2402,False,פרטי
215-H150051,False,פרטי
94LC2802,False,פרטי
CLM-L3612,False,פרטי
95H3120,False,פרטי
95B36507,False,פרטי
95H41023,False,פרטי
95B36500,False,פרטי
95H41013,False,פרטי
95H51001,False,פרטי
95H51005,False,פרטי
95B46010,False,פרטי
95H51007,False,פרטי
95B56050,False,פרטי
95B46001,False,פרטי
95B56011,False,פרטי
95B56012,False,פרטי
95B56010,False,פרטי
95B56015,False,פרטי
95B46003,False,פרטי
95B56000,False,פרטי
95B56040,False,פרטי
95Z59005,False,פרטי
95B56020,False,פרטי
95Z59004,False,פרטי
95Z59010,False,פרטי
95Z59032,False,פרטי
95Z59019,False,פרטי
95Z59020,False,פרטי
95Z59050,False,פרטי
95Z59024,False,פרטי
95Z59044,False,פרטי
95H3109,False,פרטי
95Z49000,False,פרטי
95Z59000,False,פרטי
95Z49013,False,פרטי
95B56022,False,פרטי
95B56023,False,פרטי
95Z49010,False,פרטי
95B56030,False,פרטי
95Z59030,False,פרטי
95Z59059,False,פרטי
95B45011,False,פרטי
95B55002,False,פרטי
95B55000,False,פרטי
95B55034,False,פרטי
95X5707,False,פרטי
95X5712,False,פרטי
94SSD1200,False,פרטי
94SSD2400,False,פרטי
94SSD2550,False,פרטי
94SSD4800,False,פרטי
94SSD5100,False,פרטי
SSD-SM87E250,False,פרטי
94SSD10000,False,פרטי
SSD-SM87Q1T,False,פרטי
SSD-SM87Q2T,False,פרטי
SSD-SM87Q4T,False,פרטי
SSD-SM86Q4000,False,פרטי
SSD-SM87Q8T,False,פרטי
ST-U-1170,False,פרטי
KING-SSD240A420,False,פרטי
94SSD25611,False,פרטי
KSSD-SNVS500,False,פרטי
SSD-V8V250BW,False,פרטי
94SSD51211,False,פרטי
CRS-P250028,False,פרטי
94SSD5123R,False,פרטי
KSSD-SNVS1000,False,פרטי
94SSD11111,False,פרטי
CSSD-F1000400R2,False,פרטי
KSSD-SNVS2000,False,פרטי
CRS-P2100028,False,פרטי
94SSD5130,False,פרטי
CSSD-F1000600,False,פרטי
CSSD-F2000600,False,פרטי
94SSD21001,False,פרטי
94SSD-AG70S2TB,False,פרטי
CSSD-F500600,False,פרטי
94SSD-AG42TB,False,פרטי
94SSD81001K4,False,פרטי
TH-0050Z,False,פרטי
HGST-0050,False,פרטי
TH-1TP3,False,פרטי
WD10SPZX,False,פרטי
TH-2000,False,פרטי
TH-2TB,False,פרטי
WD1003FZX,False,פרטי
TH-4000,False,פרטי
WD40EZAZ,False,פרטי
TH-4T,False,פרטי
TH-4001,False,פרטי
WD40EFZX,False,פרטי
WD20PURZ,False,פרטי
TH-3TP3,False,פרטי
WD1005FBYZ,False,פרטי
WD6003FRYZ,False,פרטי
WD80EFBX96,False,פרטי
WD102PURZ,False,פרטי
WD161KRYZ,False,פרטי
CLM-MF1214,False,פרטי
CLM-MF2001,False,פרטי
AN3-P1205,False,פרטי
CLM-MF1401,False,פרטי
931640,False,פרטי
AN1-NX110,False,פרטי
AN1-3000,False,פרטי
AN1-NX200,False,פרטי
AN1-NX220,False,פרטי
CLM-C3000,False,פרטי
AN1-DP301M,False,פרטי
AN1-NX210,False,פרטי
AN1-NX300B,False,פרטי
AN1-NX300W,False,פרטי
MCB-Q500L-KANN-S00,False,פרטי
CLM-C1300,False,פרטי
AN1-NX240,False,פרטי
CLM-C5100,False,פרטי
AN1-NX310,False,פרטי
CLM-C6006,False,פרטי
AN1-NX400,False,פרטי
931636,False,פרטי
AN1-P82,False,פרטי
210-27533,False,פרטי
CLM-C3110,False,פרטי
210-220191,False,פרטי
210-220TW,False,פרטי
AN1-NX800W,False,פרטי
CLM-C5001,False,פרטי
95GCTR2,False,פרטי
926049,False,פרטי
GVN7140,False,פרטי
GVN7133,False,פרטי
GVN7322,False,פרטי
PNYP400,False,פרטי
PNY-T400,False,פרטי
II511500T,False,פרטי
KHX323299,False,פרטי
SK323216GTZR,False,פרטי
2CMN1636180,False,פרטי
2CMN1636181,False,פרטי
GVN30802208,False,פרטי
GVN30802201,False,פרטי
GVN30802200,False,פרטי
II511600KT,False,פרטי
II711700FT,False,פרטי
II711700KFT,False,פרטי
II711700KT,False,פרטי
II911900FT,False,פרטי
II710700FT,False,פרטי
II910980XT,False,פרטי
II910900XB,False,פרטי
II910920XB,False,פרטי
GVN10501,False,פרטי
II910940XB,False,פרטי
GVN16532,False,פרטי
AMD-R95950X,False,פרטי
CLM-F2120,False,פרטי
CLM-F2122,False,פרטי
GVN16534,False,פרטי
CLM-F30,False,פרטי
CLM-F620P,False,פרטי
CLM-F621P,False,פרטי
GVN16600,False,פרטי
CLM-FG200P,False,פרטי
GVN16635,False,פרטי
AN3-C400,False,פרטי
GVN166505,False,פרטי
CLM-L1222,False,פרטי
GVN-206604,False,פרטי
CLM-L2440,False,פרטי
CLM-L3602,False,פרטי
GVN30601203,False,פרטי
CLM-L3640,False,פרטי
95H51006,False,פרטי
210-220190,False,פרטי
CLM-C3200,False,פרטי
CCPS512,False,פרטי
94P4511,False,פרטי
AN2-V500PL,False,פרטי
AN2-AB550,False,פרטי
94P5511,False,פרטי
CLM-P7000,False,פרטי
AN2-NE550M,False,פרטי
CLM-P7020,False,פרטי
AN2-NE650M,False,פרטי
AN2-VP701P,False,פרטי
AN2-NE600GZ,False,פרטי
220-CX550FR,False,פרטי
CLM-P6500,False,פרטי
220-RM850X,False,פרטי
AN2-NE700GZ,False,פרטי
220-CX650M,False,פרטי
220-CX6501,False,פרטי
ASM-5610,False,פרטי
95Z690400,False,פרטי
95Z690406,False,פרטי
95Z690410,False,פרטי
II911900FB,False,פרטי
95Z690500,False,פרטי
II310100FT,False,פרטי
95Z690505,False,פרטי
II510400B,False,פרטי
95Z690510,False,פרטי
95Z690530,False,פרטי
AMD-3350GPT,False,פרטי
95Z690533,False,פרטי
95Z690536,False,פרטי
95Z690550,False,פרטי
IF-I5,False,פרטי
95B56009,False,פרטי
95B56051,False,פרטי
ASM-5600,False,פרטי
95Z59003,False,פרטי
95X29990,False,פרטי
95B45004,False,פרטי
95X5701,False,פרטי
95X5703,False,פרטי
95X5704,False,פרטי
95X5709,False,פרטי
2CMG1632160,False,פרטי
95X5717,False,פרטי
2CMG1636180,False,פרטי
95X5730,False,פרטי
95B55001,False,פרטי
2CMN1632160,False,פרטי
95B55006,False,פרטי
95B55031,False,פרטי
2CMW163618C2,False,פרטי
95B55032,False,פרטי
2CMG3232160,False,פרטי
95B55036,False,פרטי
95B55039,False,פרטי
2CMG3236180,False,פרטי
95B55040,False,פרטי
95TRX402,False,פרטי
2CMH3236180,False,פרטי
95TRX405,False,פרטי
2CMN3236180,False,פרטי
2CMG6432160,False,פרטי
2CMN6436180,False,פרטי
2CMW643216E4,False,פרטי
CR3806,False,פרטי
CR432G4SFD832A,False,פרטי
94SSD-AG41TB,False,פרטי
94SSD-AG4500,False,פרטי
94SSD-AG70S1TB,False,פרטי
KSSD-SNVS250,False,פרטי
KING-SSD480A420,False,פרטי
WD101EFBX,False,פרטי
GVR66800,False,פרטי
GVRX69161,False,פרטי
NV-A4000,False,פרטי
NV-A5000,False,פרטי
WD141KRYZ,False,פרטי
PNY-T1000,False,פרטי
WD2003FZ,False,פרטי
WD20EFZX,False,פרטי
WD4005FZBX,False,פרטי
WD40EFAX,False,פרטי
WD40PURZ,False,פרטי
WD80EFBX,False,פרטי
TH-2TP3,False,פרטי
TH-8000,False,פרטי
TH-8T2,False,פרטי
STX-2004,False,פרטי
AN2-EA650GP,False,פרטי
STX-4004,False,פרטי
AN2-EA750GP,False,פרטי
AN2-EA750GPWW,False,פרטי
AN2-H650G,False,פרטי
AN2-H750G,False,פרטי
AN2-H7510,False,פרטי
AN2-H850G,False,פרטי
94SSD-VSD1TB,False,פרטי
AN2-H8510,False,פרטי
SMS-PA1T0B,False,פרטי
SMS-PA2T0B,False,פרטי
SMS-PA500B,False,פרטי
SMS-T75105,False,פרטי
94P1000,False,פרטי
94P6500,False,פרטי
SMS-T75106,False,פרטי
SMS-T7511L,False,פרטי
SMS-T7512R,False,פרטי
SDCZ600-016,False,פרטי
SDCZ600-032,False,פרטי
SDCZ600-064,False,פרטי
SDSQUA4-256,False,פרטי
SDSQUNR-128,False,פרטי
SDSQUNR-32,False,פרטי
CLM-P1000,False,פרטי
SDSQUNR-64,False,פרטי
CLM-P7501,False,פרטי
CLM-P7520,False,פרטי
CLM-P8501,False,פרטי
220-CV550,False,פרטי
220-CV650,False,פרטי
220-CV750,False,פרטי
220-CX550FRW,False,פרטי
220-CX6502,False,פרטי
220-CX750,False,פרטי
220-CX7501,False,פרטי
220-CX7502,False,פרטי
220-CX750M,False,פרטי
220-HX1000,False,פרטי
220-HX750,False,פרטי
220-RM650233,False,פרטי
220-RM650X2,False,פרטי
220-RM750,False,פרטי
220-RM750234,False,פרטי
220-RM750X,False,פרטי
220-RM850,False,פרטי
220-RM850235,False,פרטי
220-SF600,False,פרטי
CP-9020132-EU,False,פרטי
220-TX750M,False,פרטי
220-TX850M,False,פרטי
CLM-PSFX7501,False,פרטי
926866,False,פרטי
CLM-C5005,False,פרטי
CLM-C5020,False,פרטי
CLM-C5111,False,פרטי
CLM-C5400,False,פרטי
CLM-C6010,False,פרטי
AN1-DA601,False,פרטי
AN1-DF700F,False,פרטי
AN1-DP501,False,פרטי
AN1-DP502F,False,פרטי
AN1-NX410,False,פרטי
AN1-NX410W,False,פרטי
AN1-NX600,False,פרטי
AN1-NX800,False,פרטי
AN1-P110SL,False,פרטי
AN1-P82SL,False,פרטי
210-5000208,False,פרטי
CLM-MF1215,False,פרטי
CLM-MF12180,False,פרטי
93G450E,False,פרטי
93G1234UR,False,פרטי
ET-E5650IUSB,False,פרטי
ET-E5850IUSB,False,פרטי
ET-E51100IUSB,False,פרטי
ET-9E1000,False,פרטי
ET-9E2000,False,פרטי
ET-9E3000,False,פרטי
36701,False,פרטי
36705,False,פרטי
36707,False,פרטי
36703,False,פרטי
US-277,False,פרטי
US-241,False,פרטי
US-KB225,False,פרטי
US-130,False,פרטי
DLKB-216,False,פרטי
9M185,False,פרטי
US-8200,False,פרטי
LOG-408,False,פרטי
LOG-350,False,פרטי
ASKM-2500,False,פרטי
CLM-KM3001,False,פרטי
LOG-F710,False,פרטי
CLM-K3505,False,פרטי
CLM-K35100,False,פרטי
CLM-K5300,False,פרטי
CLM-K5503,False,פרטי
LOG-MX2S,False,פרטי
1086,False,פרטי
GBM-2400,False,פרטי
GBM-2728,False,פרטי
GBM-2740,False,פרטי
GBM-2725,False,פרטי
GBM-3200,False,פרטי
GBM-2711,False,פרטי
GBM-2720,False,פרטי
GBM-3401,False,פרטי
GBM-3220,False,פרטי
GBM-2722,False,פרטי
GBM-2727,False,פרטי
GBM-3210,False,פרטי
GBM-4300,False,פרטי
GBM-2510,False,פרטי
SAML24390,False,פרטי
SAML27390,False,פרטי
SAML24500,False,פרטי
SAML27352,False,פרטי
SAML27351,False,פרטי
SAML27391,False,פרטי
SAML24352,False,פרטי
SAML27355,False,פרטי
SAML32502,False,פרטי
SAML32550,False,פרטי
SAML27524,False,פרטי
SAML32750,False,פרטי
SAML32500,False,פרטי
SAML27552,False,פרטי
SAML24730,False,פרטי
SAML27651,False,פרטי
II712700KFB,False,פרטי
II912900KB,False,פרטי
II911900KFT,False,פרטי
II310100B,False,פרטי
LOG-150,False,פרטי
LOG-150W,False,פרטי
LOG-200W,False,פרטי
LOG-522,False,פרטי
18056,False,פרטי
US-380,False,פרטי
US-382,False,פרטי
SB-USB-PLAY3,False,פרטי
BY-DM10UC,False,פרטי
BY-M1,False,פרטי
BY-M1000,False,פרטי
BY-M1PRO,False,פרטי
217-9011203,False,פרטי
94H5,False,פרטי
9M851,False,פרטי
CLM-MH630,False,פרטי
CLM-MH650,False,פרטי
CLM-MH670,False,פרטי
CLM-MH7520,False,פרטי
MPOW-H323,False,פרטי
ZM-HPS200,False,פרטי
95Z59015,False,פרטי
95A52004,False,פרטי
TH-0101,False,פרטי
TH-0201,False,פרטי
94SSD-VSD1TBK,False,פרטי
SMS-T7512T,False,פרטי
SDCZ600-128,False,פרטי
SDCZ600-256,False,פרטי
SDSQUAR-200,False,פרטי
AN1-DF600,False,פרטי
220-TX650M,False,פרטי
SAML24351,False,פרטי
SAML27501,False,פרטי
SAML27502,False,פרטי
GBM-3230,False,פרטי
GVN16548,False,פרטי
GVN30801050,False,פרטי
93G600NJ,False,פרטי
93G8012D,False,פרטי
US-8200A,False,פרטי
CLM-WR531,False,פרטי
244726,False,פרטי
KF163202K2,False,פרטי
916002,False,פרטי
916008,False,פרטי
916033,False,פרטי
916047,False,פרטי
916080,False,פרטי
916082,False,פרטי
916083,False,פרטי
KF4323202K2,False,פרטי
926011,False,פרטי
KF4323212K2,False,פרטי
KF4323622K2,False,פרטי
916100,False,פרטי
KV416260,False,פרטי
916105,False,פרטי
926103,False,פרטי
1244,False,פרטי
2CMK323016,False,פרטי
926111,False,פרטי
1248,False,פרטי
2CMK323616,False,פרטי
926608,False,פרטי
2CMK643216E4,False,פרטי
926616,False,פרטי
2482619S,False,פרטי
926625,False,פרטי
2483222S,False,פרטי
NG-GS110EMX,False,פרטי
1263,False,פרטי
916092,False,פרטי
926965,False,פרטי
926963,False,פרטי
926967,False,פרטי
916066,False,פרטי
926969,False,פרטי
916306,False,פרטי
916309,False,פרטי
926044,False,פרטי
926045,False,פרטי
1286,False,פרטי
ST-U-1920,False,פרטי
SYN-DS120J,False,פרטי
SYN-DS420J,False,פרטי
N1004,False,פרטי
95Z690404,False,פרטי
95B56019,False,פרטי
95Z59060,False,פרטי
95X29980,False,פרטי
95B45001,False,פרטי
95B45003,False,פרטי
95B55020,False,פרטי
95B55029,False,פרטי
KING-SSD512C6,False,פרטי
82C7008TIV,False,פרטי
82C7008TIV-8,False,פרטי
C24Y,False,פרטי
95B56001,False,פרטי
PNY-T600,False,פרטי
NV-A2012,False,פרטי
95B66000,False,פרטי
95B66007,False,פרטי
95H51002,False,פרטי
95H51003,False,פרטי
95H51008,False,פרטי
II512500B,False,פרטי
II512600KB,False,פרטי
II512600KFB,False,פרטי
II912900FT,False,פרטי
II511600B,False,פרטי
II711700B,False,פרטי
II711700KFB,False,פרטי
II39100T,False,פרטי
94LC2805,False,פרטי
94LC3605,False,פרטי
CLM-L3650,False,פרטי
WDS3502400,False,פרטי
WDS3504800,False,פרטי
WDS550250,False,פרטי
WDS550500,False,פרטי
WDS7501000,False,פרטי
WDS7502000,False,פרטי
WDS750500,False,פרטי
WD141PURP,False,פרטי
WD20EFAX,False,פרטי
TH-8001,False,פרטי
STX-5004,False,פרטי
Aio-Graphic-pc1,False,פרטי
210-175RB,False,פרטי
95Z690420,False,פרטי
95Z690569,False,פרטי
95B66025,False,פרטי
95B66030,False,פרטי
95H61001,False,פרטי
95H61005,False,פרטי
95X5740,False,פרטי
CLM-B175440,False,פרטי
CLM-B175450,False,פרטי
CLM-B175870,False,פרטי
AN3-LGA1700A,False,פרטי
ZL-CF80G,False,פרטי
215-LGA1700,False,פרטי
214-TM30,False,פרטי
214-XTM50,False,פרטי
CSSD-600PL0500,False,פרטי
CSSD-600PL1000,False,פרטי
CSSD-600PL2000,False,פרטי
CSSD-600PL4000,False,פרטי
WDS570500,False,פרטי
SSD-SN-E30-100,False,פרטי
SSD-SN-E30-200,False,פרטי
SSD-SN-E30-480,False,פרטי
AN2-H1000XTR,False,פרטי
AN2-VP450P,False,פרטי
CLM-P6004,False,פרטי
CLM-P6520,False,פרטי
SAML24355,False,פרטי
SAML32551,False,פרטי
SAML32591,False,פרטי
SAML34890,False,פרטי
DLM-E2420H,False,פרטי
DLM-E2720H,False,פרטי
LOG-130,False,פרטי
US-385,False,פרטי
BY-PM700,False,פרטי
95B66044,False,פרטי
IG6900B,False,פרטי
IG7400T,False,פרטי
II512400FB,False,פרטי
II912900KT,False,פרטי
II912900T,False,פרטי
22220,False,פרטי
AN2-NE650M2,False,פרטי
CLM-P4001,False,פרטי
CLM-P6000,False,פרטי
CLM-P7001,False,פרטי
ZM-HPS300,False,פרטי
HPP-209DW,False,פרטי
HPP-4120,False,פרטי
XRX-230,False,פרטי
XRX-3020,False,פרטי
XRX-C230,False,פרטי
XRX-0664,False,פרטי
916084,False,פרטי
DK-20-2150,False,פרטי
DK-20-615,False,פרטי
DK-20-806,False,פרטי
HU-311-221,False,פרטי
TND-AC23,False,פרטי
CLM-P5001,False,פרטי
CLM-P6522,False,פרטי
DLM-E2422H,False,פרטי
DLM-E2722H,False,פרטי
ACR-M-KA270,False,פרטי
ACR-M-R242Y,False,פרטי
BY-BA20,False,פרטי
TND-F3,False,פרטי
TND-F9,False,פרטי
DK-10-1005A,False,פרטי
926624,False,פרטי
CIS-116,False,פרטי
CIS-20048,False,פרטי
CIS-22026,False,פרטי
CIS-22069,False,פרטי
CIS-30024,False,פרטי
916091,False,פרטי
DK-25-1620,False,פרטי
TND-PH5,False,פרטי
DK-30-1312,False,פרטי
DK-30-131,False,פרטי
SYN-DS220PLUS,False,פרטי
SYN-DS220J,False,פרטי
DK-30-548B,False,פרטי
GVN16540,False,פרטי
GVN16636,False,פרטי
GVN-2060120,False,פרטי
GVN-2060126,False,פרטי
GVN3050805,False,פרטי
GVRX68003,False,פרטי
GVN3050807,False,פרטי
GVN30601212,False,פרטי
GVN30601218,False,פרטי
GVN306T819,False,פרטי
GVN306T831,False,פרטי
NV-T404,False,פרטי
GVRX65000,False,פרטי
GVRX65002,False,פרטי
GVRX66000,False,פרטי
GVRX66001,False,פרטי
GVRX66002,False,פרטי
GVRX66005,False,פרטי
GVN306T833,False,פרטי
GVN306T835,False,פרטי
GVN30902401,False,פרטי
GVN30801216,False,פרטי
GVN30801040,False,פרטי
GVN30801006,False,פרטי
GVN30801002,False,פרטי
GVN3070407,False,פרטי
GVN3070408,False,פרטי
CT5-3256036B2,False,פרטי
SK5-3256363650,False,פרטי
SK5-3256363660,False,פרטי
SK5-3260363630,False,פרטי
SK5-3260363640,False,פרטי
SK5-3260363650,False,פרטי
SK5-3260363660,False,פרטי
SK5-3260404020,False,פרטי
SK5-3260404030,False,פרטי
SK5-3260404040,False,פרטי
CK5-32480040C2,False,פרטי
2CMT64361800,False,פרטי
2CMW323216TUF,False,פרטי
CT5-32520040B2,False,פרטי
CT5-32560036X2,False,פרטי
CT5-64520040B2,False,פרטי
KF43232R1,False,פרטי
KF43232R2,False,פרטי
KF4832E1,False,פרטי
KF4832R1,False,פרטי
SK163016GTZN,False,פרטי
2CMH1632162,False,פרטי
2CMK1636181,False,פרטי
CLM-K7210,False,פרטי
CLM-M7310,False,פרטי
9M151,False,פרטי
9M167,False,פרטי
9M168,False,פרטי
US-245,False,פרטי
9M612,False,פרטי
9M645,False,פרטי
ASKM-2500A,False,פרטי
LN-KM510BR,False,פרטי
LN-KM510W,False,פרטי
AN3-F12RGB,False,פרטי
CLM-C3100,False,פרטי
CLM-C3120,False,פרטי
CLM-C5000,False,פרטי
CLM-C5009,False,פרטי
CLM-C5013,False,פרטי
CLM-C5040,False,פרטי
CLM-C7010,False,פרטי
931639,False,פרטי
210-7000227,False,פרטי
210-7000219,False,פרטי
210-27534,False,פרטי
210-27575,False,פרטי
AN1-DF800,False,פרטי
AN1-DF800F,True,פרטי
AN1-DP31,False,פרטי
AN1-NX270,False,פרטי
AN1-NX280,False,פרטי
95B66020,False,פרטי
95B66022,False,פרטי
IG6900T,False,פרטי
SAML27392,False,פרטי
ACR-M-KA240Y,False,פרטי
US-244,False,פרטי
AN1-NX700,False,פרטי
KF516483801,False,פרטי
KF5165640-02,False,פרטי
KF5324838-02,False,פרטי
KF58483801,False,פרטי
KF5852401,False,פרטי
KF5856401,False,פרטי
CR5-64480-02,False,פרטי
CT5-3256036CW2,False,פרטי
2483222,False,פרטי
GVN3050800,False,פרטי
GVN30601216,False,פרטי
GVN3070302,False,פרטי
GVN3070322,False,פרטי
NV-T1008,False,פרטי
PNY-T402-B,False,פרטי
GVRX68004,False,פרטי
TND-A9,False,פרטי
926067,False,פרטי
USB74A,False,פרטי
29082,False,פרטי
29106,False,פרטי
29055,False,פרטי
29057,False,פרטי
29069,False,פרטי
29042,False,פרטי
29043,False,פרטי
29044,False,פרטי
29070,False,פרטי
41360,False,פרטי
29143,False,פרטי
29242,False,פרטי
GVRX68101,False,פרטי
2CMG6436180,False,פרטי
AN1-202,False,פרטי
210-750D,False,פרטי
LOG-F310,False,פרטי
95Z690531,False,פרטי
95B66033,False,פרטי
95X5733,False,פרטי
2054,False,פרטי
GVRX69167,False,פרטי
210-4000199,False,פרטי
CLM-F120BU,False,פרטי
93G2525T3BK,False,פרטי
TH-4002,False,פרטי
99360-124-24,False,פרטי
GVRX67000,False,פרטי
GVRX67001,False,פרטי
GVRX67004,False,פרטי
SK5-3260363620,False,פרטי
SK5-3260444420,False,פרטי
KF416301601,False,פרטי
KF416361702,False,פרטי
KF416361801,False,פרטי
KF4323602,False,פרטי
KF432361602,False,פרטי
KF432361802,False,פרטי
KF4643602,False,פרטי
KV416322201,False,פרטי
II912900KSB,False,פרטי
AMD-R55500B,False,פרטי
AMD-R55600B,False,פרטי
AMD-R75700XB,False,פרטי
916081,False,פרטי
GVN30801032,False,פרטי
GVN30801210,False,פרטי
GVN30902461,False,פרטי
GVN30902468,False,פרטי
II310105FB,False,פרטי
215-H150062,False,פרטי
215-H170055,False,פרטי
SLM-H2380,False,פרטי
BY-M800,False,פרטי
GVN30902463,False,פרטי
NV-A4500,False,פרטי
SK4832220GRS,False,פרטי
SMD-4426,False,פרטי
LXR-D43232S,False,פרטי
US-KB130,False,פרטי
US-170,False,פרטי
CLM-L2433,False,פרטי
CLM-L3633,False,פרטי
TH-8003,False,פרטי
CLM-P1050,False,פרטי
SAML24357,False,פרטי
GVRX64004,False,פרטי
CLM-M7113,False,פרטי
CLM-M7300,False,פרטי
95X5731,False,פרטי
95TRP800,False,פרטי
WDS480G2G0A,False,פרטי
WDS5702000,False,פרטי
22119,False,פרטי
95Z690506,False,פרטי
95B55007,False,פרטי
95B55012,False,פרטי
GVN30802203,False,פרטי
DESIGNI7,False,פרטי
II912900B,False,פרטי
GVN166507,False,פרטי
KF4323206K2,False,פרטי
216-9413560,False,פרטי
216-9413771,False,פרטי
LOG-840,False,פרטי
GBN-G5-35TMD11,False,פרטי
II911900KB,False,פרטי
GVN3070309,False,פרטי
GVRX66500,False,פרטי
SK5-3260444400,False,פרטי
CK5-645640C2,False,פרטי
AN1-NX201,False,פרטי
AIOI9,False,פרטי
94SSD11001,False,פרטי
KU-DTX3200,False,פרטי
KU-DTXM3200,False,פרטי
GVN306T838,False,פרטי
CLM-C5022,False,פרטי
CLM-C5031,False,פרטי
94SSD-AG70101,False,פרטי
94SSD-AG70201,False,פרטי
WDS24030,False,פרטי
SAML27450,False,פרטי
GBM-2741,False,פרטי
GBM-2746,False,פרטי
APN-1EE-003,False,פרטי
GVN16605,False,פרטי
PNY-A2000,False,פרטי
GVRX67500,False,פרטי
2CMK322616R,False,פרטי
CLM-C5015,False,פרטי
NV-A2000,False,פרטי
2441632,False,פרטי
II512600T,False,פרטי
KU-DTX25600,False,פרטי
SDSQUA4-32,False,פרטי
916086,False,פרטי
CLM-C7020,False,פרטי
AN8-30102W,False,פרטי
WD-MB801,False,פרטי
22116,False,פרטי
SAML32504,False,פרטי
95B66023,False,פרטי
KING-SSD120A4,False,פרטי
SMS-T7511,False,פרטי
II312100B,False,פרטי
CLM-MGP,False,פרטי
GVRX69500,False,פרטי
95Z59068,False,פרטי
95H41002,False,פרטי
95H41004,False,פרטי
II912900KST,False,פרטי
IG5905T,False,פרטי
94SSD5001,False,פרטי
PT-SSD512SCR,False,פרטי
SSD-SM981256,True,פרטי
ST-HD50025Z,False,פרטי
WD-MB400,False,פרטי
SDSQUNS-16G,False,פרטי
GVN30902430,False,פרטי
CR48266F,False,פרטי
23754,False,פרטי
AP-D4424SL,False,פרטי
CLM-C5102,False,פרטי
CLM-C5300,False,פרטי
210-540AIR,False,פרטי
PH-322E1C,False,פרטי
2CH532563600,False,פרטי
AN3-P1200,False,פרטי
SK44240GRS,False,פרטי
95B66008,False,פרטי
95H61002,False,פרטי
II912900FB,False,פרטי
KF5644802,False,פרטי
KF4163202R,False,פרטי
KF416361703,False,פרטי
KF4323202,False,פרטי
KF163221,False,פרטי
AN1-DP503,False,פרטי
AN1-DP505W,False,פרטי
95Z690532,False,פרטי
95H61006,False,פרטי
95X67030,False,פרטי
95Z690501,False,פרטי
95Z690507,False,פרטי
95B550312,False,פרטי
II910900KFB,False,פרטי
IF-I7,False,פרטי
94SSD-M30-1001,False,פרטי
94SSD-M30-5120,False,פרטי
TH-0100Z,False,פרטי
STX-10000,False,פרטי
STX-4000,False,פרטי
STX-8000,False,פרטי
STX-S5000,False,פרטי
KU-DTX6411,False,פרטי
22118,False,פרטי
22117,False,פרטי
CLM-P4500,False,פרטי
SLM-F2145,False,פרטי
916027,False,פרטי
TND-1016M,False,פרטי
CD-WE3000,False,פרטי
N1030,False,פרטי
GVN16544,False,פרטי
GVN3070314,False,פרטי
ASV-30902400,False,פרטי
SK5-3260363600,False,פרטי
2CK53252402,False,פרטי
AN1-NX250,False,פרטי
AN1-P10C,False,פרטי
CLM-MF1204,False,פרטי
95B66009,False,פרטי
AMD-R57600X,False,פרטי
AMD-R77700X,False,פרטי
AMD-R97900X,False,פרטי
AMD-R97950X,False,פרטי
65095,False,פרטי
II513600KFB,False,פרטי
II713700KFB,False,פרטי
II913900KFB,False,פרטי
95B65060,False,פרטי
II713700KB,False,פרטי
II913900KB,False,פרטי
SYN-DS420PLUS,False,פרטי
SAML-24455,False,פרטי
95Z79010,False,פרטי
KSSD-SNV2S250,False,פרטי
CD-WR2100,False,פרטי
CD-RE1800,False,פרטי
CLM-F70C7,False,פרטי
AN1-DF700,False,פרטי
AN1-DF800FW,False,פרטי
220-CX7503,False,פרטי
SAML24336,False,פרטי
CLM-MH7510,False,פרטי
95H61003,False,פרטי
95H51004,False,פרטי
ASV-307030,False,פרטי
KF5-6452402,False,פרטי
GVN40802410,False,פרטי
GVN40802425,False,פרטי
AN1-NX420,False,פרטי
CLM-M3111,False,פרטי
CLM-M7121,False,פרטי
95H41011,False,פרטי
GVN40902420,False,פרטי
WD-E1500,False,פרטי
AN1-NX260,False,פרטי
916087,False,פרטי
95Z79040,False,פרטי
95H41012,False,פרטי
95B65070,False,פרטי
CLM-F6128,False,פרטי
CLM-MP30,False,פרטי
AN1-NX360,False,פרטי
KF4-6432160,False,פרטי
KF5-325236A,False,פרטי
95H61007,False,פרטי
DLM-E2423HN,False,פרטי
DLM-E2722HS,False,פרטי
DLM-E2723H,False,פרטי
DLM-E2723HN,False,פרטי
MAGF24VS,False,פרטי
MAGFA27V,False,פרטי
MAGZ32FY,False,פרטי
LNM-2420,False,פרטי
LNM-2730,False,פרטי
MAGTV3201,False,פרטי
MAGTV-4KW50,False,פרטי
MAGTV-4KW55,False,פרטי
MAGTV-4KW65,False,פרטי
MAGTV75S4K,False,פרטי
9M507,False,פרטי
9M152,False,פרטי
9M153,False,פרטי
9M155,False,פרטי
LN-600-32,False,פרטי
9M605,False,פרטי
LN-KM300,False,פרטי
9M603,False,פרטי
9M627,False,פרטי
9M650,False,פרטי
9M662,False,פרטי
9M901,False,פרטי
PR-HP500K,False,פרטי
DK-30-582X,False,פרטי
LN-KM510B,False,פרטי
LN-KM510WA,False,פרטי
HPP-8023,False,פרטי
XRX-4403,False,פרטי
CLM-ARGB-C,False,פרטי
CLM-MFW001,False,פרטי
9M814,False,פרטי
LNC-300,False,פרטי
LOG-602,False,פרטי
CLM-RE100,False,פרטי
DK-20-245,False,פרטי
DK-20-2680,False,פרטי
MAGTV43S4K,False,פרטי
95H41016,False,פרטי
95B55008,False,פרטי
KF5-325236-AE,False,פרטי
KF5-325640,False,פרטי
KF5-326036-AE,False,פרטי
KF5-326040-R,False,פרטי
KU-DTXM25601,False,פרטי
SAML32505,False,פרטי
AN2-H1001,False,פרטי
95B76010,False,פרטי
II513400FB,False,פרטי
II513600T,False,פרטי
95B76047,False,פרטי
GVN40701202,False,פרטי
TH-4004,False,פרטי
AN1-AX20,False,פרטי
ASN-1500-3192,False,פרטי
LNN-V14-UUIV,False,פרטי
MC-1010322H,False,פרטי
MC-115116H,False,פרטי
95H51000,False,פרטי
GVR7902000,False,פרטי
KF5645622,False,פרטי
WD22PURZ,False,פרטי
WD42PURZ,False,פרטי
95H41020,False,פרטי
95H41022,False,פרטי
CLM-L2422,False,פרטי
PH-3288,False,פרטי
US-384,False,פרטי
II913900KSB,False,פרטי
9M615,False,פרטי
NG-GS116E,False,פרטי
ASV-16630,False,פרטי
KF5-32563602,False,פרטי
MAGF24IPS,False,פרטי
LN-300,False,פרטי
95H41026,False,פרטי
GVN3070315,False,פרטי
CLM-MF1212,False,פרטי
95B55003,False,פרטי
95B55009,False,פרטי
WD121PURZ,False,פרטי
KF5-646040,False,פרטי
95B56008,False,פרטי
CLM-F2140,False,פרטי
CLM-F2144,False,פרטי
CLM-C5003,False,פרטי
CD-WR1300,False,פרטי
DK-25-1325,False,פרטי
GVN3050820,False,פרטי
ST-JL1000,False,פרטי
ST-JL2000,False,פרטי
ST-JL5000,False,פרטי
GBN-A5-1130SD,False,פרטי
PA1651,False,פרטי
PA3051,False,פרטי
PA3061,False,פרטי
GVN3070402,False,פרטי
II513600KB,False,פרטי
SK5-325640102,False,פרטי
SK5-326036100,False,פרטי
SK5-646040202,False,פרטי
SK5-3252000,False,פרטי
SK5-645636200,False,פרטי
94SSD-AG450-50,False,פרטי
NT-NV70504,False,פרטי
TH-8004,False,פרטי
ST-JL4000,False,פרטי
NT-ZX10-500,False,פרטי
SDSQUAC-256,False,פרטי
HKV-MHC201,False,פרטי
AN11-2506NX,False,פרטי
CLM-B1601,False,פרטי
94P1300,False,פרטי
CLM-P7010,False,פרטי
916088,False,פרטי
XRX-0691,False,פרטי
9M855,False,פרטי
LN-KM510BA,False,פרטי
LN-300CG,False,פרטי
DK-2335,False,פרטי
CLM-S100,False,פרטי
MAGTV-4KW43,False,פרטי
MAGTV-4KW75,False,פרטי
DLM-SE2723DS,False,פרטי
DLM-S2721HGF,False,פרטי
SAML24502,False,פרטי
GVN40608001,False,פרטי
SK5-3252100,False,פרטי
CLM-C5120,False,פרטי
HU-T3-W09C,False,פרטי
DLN-3520-14447,False,פרטי
DLN-3520-14445,False,פרטי
DLN-3511-3003,False,פרטי
DLN-3510-6005,False,פרטי
ASN-507-073,False,פרטי
ASN-507065,False,פרטי
ASN-507043,False,פרטי
ASN-3402-372,False,פרטי
ASN-1504-209,False,פרטי
ASN-1504-149,False,פרטי
ASN-1404-114,False,פרטי
ASN-1404-110,False,פרטי
ASN-1404-108,False,פרטי
ASN-1404-105,False,פרטי
GBN-AE14-72BB4,False,פרטי
GBN-G5-2333SD,False,פרטי
GBN-G5-2333SH16,False,פרטי
GBN-G5-2333SH32,False,פרטי
GBN-G5-3313SH,False,פרטי
GBN-G5-51213H,False,פרטי
GBN-XE5-73948,False,פרטי
LNN-315-3D2,False,פרטי
LNN-315-9EIV,False,פרטי
LNN-315-9FIV,False,פרטי
LNN-315-9GIV,False,פרטי
LNN-317-4PIV,False,פרטי
LNN-FL5-A1IV,False,פרטי
LNN-V14-1JIV,False,פרטי
LNN-V14-1NIV,False,פרטי
GBN-AR15-3383M3,False,פרטי
2CH5-645600,False,פרטי
2CMW322616,False,פרטי
211-8900432000,False,פרטי
GBN-AR15-3383M1,False,פרטי
LNN-V14-SFIV2,False,פרטי
95B760575A,False,פרטי
95B76101,False,פרטי
95Z690401,False,פרטי
95H61051,True,פרטי
95B65009,False,פרטי
95B65071,False,פרטי
95B55004,False,פרטי
GVN16546,False,פרטי
WD11PURZ,False,פרטי
MSI-NV3050800,False,פרטי
ADS-710-100,False,פרטי
SSD-SNX-1000,False,פרטי
SSD-SNX-2000,False,פרטי
NT-USB-1281,False,פרטי
NT-USB-6401,False,פרטי
NT-SD-P5-6400,False,פרטי
NT-USB-2561,False,פרטי
LNN-3SL-3Q,False,פרטי
LNN-3SL-3Y,False,פרטי
ASN-1404-106,False,פרטי
ASN-1404-107,False,פרטי
ASN-1504-208,False,פרטי
LNT-128-212,False,פרטי
LNT-300-006,False,פרטי
LNT-300-049,False,פרטי
LNT-300-072,False,פרטי
LNT-300-225,False,פרטי
LNT-328-000,False,פרטי
LNT-328-085,False,פרטי
MAGTV-4KQ55,False,פרטי
95B760521,False,פרטי
KSSD-FR1000,False,פרטי
ASN-1404-133,False,פרטי
DLN-3530-14379,False,פרטי
99360-053-00,False,פרטי
PA305088,False,פרטי
ADS-650-480,False,פרטי
ADS-710-050,False,פרטי
KH-256C2,False,פרטי
CLM-C3001,False,פרטי
CLM-P4000,False,פרטי
CLM-P5000,False,פרטי
DLN-3520-14453,False,פרטי
9262967,False,פרטי
95Z79040-2,False,פרטי
95B760575C,False,פרטי
95H51017,False,פרטי
ASV-3050-802,False,פרטי
95H61055,False,פרטי
ASV-3060-1202,False,פרטי
MSI-N40902401,False,פרטי
MSI-N40902402,False,פרטי
CRS-500BX240,False,פרטי
LXR-S500100,False,פרטי
LXR-S1000-620,False,פרטי
AN1-DF800FWR,False,פרטי
AN1-NX500M,False,פרטי
5026,False,פרטי
