ItemId,CostPrice,RegularPrice,ItemStatus,PriceList
95Z79011,970,1331.0,True,פרטי
95Z79015,840,1153.0,True,פרטי
95Z79020,990,1359.0,True,פרטי
95Z790200,1999,2743.0,True,פרטי
95Z790210,1490,2045.0,True,פרטי
95Z790220,1129,1549.0,True,פרטי
95Z790235,1089,1495.0,True,פרטי
95Z79030,1330,1825.0,True,פרטי
95Z79036,999,1371.0,True,פרטי
95Z79040-1,795,1091.0,True,פרטי
95Z79044,719,987.0,True,פרטי
95Z79050,1899,2606.0,True,פרטי
95Z79400,899,1234.0,False,פרטי
95Z79410,730,1002.0,False,פרטי
95B76000,395,542.0,True,פרטי
95B76005,375,515.0,True,פרטי
95B76011,450,618.0,True,פרטי
95B76020,399,548.0,True,פרטי
95B76040,520,714.0,True,פרטי
95B76048,590,810.0,True,פרטי
95B76050,690,947.0,True,פרטי
95B760510,490,672.0,True,פרטי
95B760520,565,775.0,True,פרטי
95B760530,480,659.0,True,פרטי
95B760533,595,817.0,True,פרטי
95B760560,575,789.0,True,פרטי
95B760565,630,865.0,True,פרטי
95B760570,630,865.0,True,פרטי
95B760575,690,947.0,True,פרטי
95B760575-2,720,988.0,True,פרטי
95B76090,730,1002.0,False,פרטי
95B76102,533,731.0,True,פרטי
95B76111,499,685.0,True,פרטי
95B76121,565,775.0,False,פרטי
95B76133,599,822.0,True,פרטי
95B76134,599,822.0,True,פרטי
95B76140,690,947.0,True,פרטי
95B76145,740,1016.0,True,פרטי
95H61004,299,410.0,True,פרטי
95H61008,309,424.0,True,פרטי
95H61010,430,590.0,True,פרטי
95H61052,319,438.0,True,פרטי
95H61056,329,452.0,True,פרטי
95H51009,252,346.0,True,פרטי
95H51010,255,350.0,True,פרטי
95H51016,249,342.0,False,פרטי
95H41017,262,360.0,True,פרטי
95H41021,252,346.0,True,פרטי
95X29944,960,1318.0,False,פרטי
95A62001,475,652.0,True,פרטי
95A62010,429,589.0,True,פרטי
95A62015,385,528.0,True,פרטי
95B65000,650,892.0,False,פרטי
95B65000-13,650,892.0,True,פרטי
95B65000-3,650,892.0,False,פרטי
95B65010,730,1002.0,True,פרטי
95B65020,799,1097.0,False,פרטי
95B65050,1199,1646.0,False,פרטי
95B65062,899,1234.0,False,פרטי
95B65066,935,1283.0,True,פרטי
95B65072,760,1043.0,False,פרטי
95B65073,760,1043.0,True,פרטי
95B65075,760,1043.0,False,פרטי
95B65101,1480,2031.0,True,פרטי
95B65110,1029,1412.0,True,פרטי
95X67010,999,1371.0,True,פרטי
95X67030-2,1099,1508.0,True,פרטי
95X67150,1880,2580.0,False,פרטי
95A52001,229,314.0,False,פרטי
95A52003,249,342.0,True,פרטי
95A52005,265,364.0,False,פרטי
95A52006,269,369.0,True,פרטי
95A52007,269,369.0,True,פרטי
95B55010,429,589.0,True,פרטי
95B55017,385,528.0,True,פרטי
95B55022,530,727.0,False,פרטי
95B55023,530,727.0,True,פרטי
95B55037,619,850.0,True,פרטי
95TRX50,2850,3911.0,False,פרטי
95N412000,379,520.0,True,פרטי
PA165044,540,709.0,False,פרטי
PA4080S-1600,3999,5250.0,True,פרטי
GVN10300,309,406.0,True,פרטי
GVN10302,309,406.0,True,פרטי
GVN10304,299,393.0,True,פרטי
GVN16545,665,873.0,True,פרטי
GVN3050600,780,1024.0,True,פרטי
GVN3050610,780,1024.0,True,פרטי
GVN3050620,775,1017.0,True,פרטי
GVN30601211,1199,1574.0,True,פרטי
GVN30601220,1169,1535.0,False,פרטי
GVN30601221,1129,1482.0,True,פרטי
GVN3060800,1049,1377.0,True,פרטי
GVN3060802,1069,1403.0,True,פרטי
GVN3070401,2850,3741.0,False,פרטי
GVN40601111,1299,1705.0,True,פרטי
GVN40601121,1219,1600.0,True,פרטי
GVN40601130,1199,1574.0,True,פרטי
GVN40601140,1499,1968.0,False,פרטי
GVN40601150,1350,1772.0,True,פרטי
GVN40601160,1199,1574.0,True,פרטי
GVN40608003,1640,2153.0,True,פרטי
GVN40608011,1699,2230.0,True,פרטי
GVN40608021,1820,2389.0,True,פרטי
GVN40608025,1699,2230.0,False,פרטי
GVN4068100,1970,2586.0,True,פרטי
GVN4068110,1970,2586.0,True,פרטי
GVN4070003,2350,3085.0,False,פרטי
GVN4070004,2360,3098.0,True,פרטי
GVN4070011,2430,3190.0,True,פרטי
GVN4070012,2440,3203.0,True,פרטי
GVN4070020,2199,2887.0,True,פרטי
GVN4070030,2480,3256.0,True,פרטי
GVN4070032,2499,3281.0,True,פרטי
GVN4070040,2750,3610.0,True,פרטי
GVN40701200,3399,4462.0,True,פרטי
GVN40701210,3430,4503.0,True,פרטי
GVN40701211,3450,4529.0,False,פרטי
GVN40701220,3399,4462.0,False,פרטי
GVN40701222,3399,4462.0,True,פרטי
GVN40701225,3490,4581.0,False,פרטי
GVN40701230,3590,4713.0,False,פרטי
GVN40701240,3370,4424.0,True,פרטי
GVN40701250,3799,4987.0,True,פרטי
GVN407-S12100,2499,3281.0,True,פרטי
GVN407-S12200,2599,3412.0,True,פרטי
GVN407-S12250,2799,3674.0,True,פרטי
GVN407-S12300,2540,3334.0,False,פרטי
GVN407-S12301,2570,3374.0,True,פרטי
GVN407-S12400,2599,3412.0,True,פרטי
GVN407-TS1600,3370,4424.0,True,פרטי
GVN407-TS1610,3630,4765.0,True,פרטי
GVN407-TS1630,3460,4542.0,True,פרטי
GVN407-TS1640,3520,4621.0,True,פרטי
GVN407-TS1660,3560,4673.0,True,פרטי
GVN407-TS1670,3699,4856.0,False,פרטי
GVN40802401,4990,6551.0,False,פרטי
GVN40802420,4999,6562.0,False,פרטי
GVN40802430,4660,6117.0,False,פרטי
GVN408-S6002,4190,5500.0,False,פרטי
GVN408-S6011,4390,5763.0,True,פרטי
GVN408-S6030,4670,6130.0,False,פרטי
GVN408-S6040,4399,5775.0,True,פרטי
GVN40902401,7290,9135.0,False,פרטי
GVN40902410,7700,9649.0,True,פרטי
GVN40902422,7250,9085.0,False,פרטי
GVN40902430,7950,9962.0,False,פרטי
GVN40902440,7390,9260.0,True,פרטי
GVN7125,209,274.0,True,פרטי
GVN7326,299,393.0,False,פרטי
GVN7327,239,314.0,False,פרטי
PNY-A1000,1695,2225.0,False,פרטי
PNY-A2012,2190,2875.0,True,פרטי
PNY-A400,644,845.0,False,פרטי
PNY-A4000,3999,5250.0,False,פרטי
PNY-A4500,5700,7142.0,False,פרטי
PNY-A5000,8260,10350.0,False,פרטי
PNY-T1008,1590,2087.0,True,פרטי
PNY-T404,599,786.0,True,פרטי
ASV-4060-8230,1229,1613.0,True,פרטי
MSI-N1650420,629,826.0,True,פרטי
GVR76000,1099,1443.0,True,פרטי
GVR7902010,3170,4161.0,True,פרטי
GVR791111,4090,5369.0,True,פרטי
GVRX64000,599,786.0,True,פרטי
GVRX76300,1299,1705.0,True,פרטי
GVRX770120,1870,2455.0,True,פרטי
GVRX780160,2099,2755.0,True,פרטי
II514400FT,770,1057.0,True,פרטי
II514400T,820,1125.0,True,פרטי
II514500T,940,1290.0,False,פרטי
II514600KFT,1069,1403.0,False,פרטי
II514600KT,1159,1521.0,True,פרטי
II514600T,999,1371.0,False,פרטי
II714700FB,1470,1930.0,False,פרטי
II714700FT,1450,1903.0,True,פרטי
II714700KFT,1499,1968.0,True,פרטי
II714700KT,1590,2087.0,True,פרטי
II714700T,1499,1968.0,True,פרטי
II914900B,2370,3111.0,False,פרטי
II914900KFT,2150,2822.0,True,פרטי
II914900KT,2290,3006.0,True,פרטי
II313100B,575,789.0,False,פרטי
II313100FT,459,630.0,False,פרטי
II313100T,499,685.0,True,פרטי
II513400B,790,1084.0,False,פרטי
II513400FT,690,947.0,True,פרטי
II513400T,760,1043.0,True,פרטי
II513500B,960,1318.0,False,פרטי
II513500T,870,1194.0,True,פרטי
II513600KFT,950,1304.0,True,פרטי
II513600KT,1099,1443.0,True,פרטי
II713700B,1575,2068.0,False,פרטי
II713700FB,1419,1863.0,False,פרטי
II713700FT,1430,1877.0,True,פרטי
II713700KFT,1399,1837.0,True,פרטי
II713700KT,1499,1968.0,True,פרטי
II713700T,1460,1917.0,True,פרטי
II913900B,2290,3006.0,False,פרטי
II913900FB,2150,2822.0,False,פרטי
II913900FT,2090,2744.0,False,פרטי
II913900KFT,2199,2887.0,False,פרטי
II913900KT,2199,2887.0,False,פרטי
II913900T,2160,2836.0,False,פרטי
II312100FT,269,369.0,True,פרטי
II312100T,369,506.0,True,פרטי
II512400B,590,810.0,False,פרטי
II512400FT,460,631.0,True,פרטי
II512400T,550,755.0,True,פרטי
II512500T,699,959.0,True,פרטי
II512600KFT,675,926.0,True,פרטי
II512600KT,790,1084.0,False,פרטי
II712700B,1030,1352.0,False,פרטי
II712700FB,980,1345.0,False,פרטי
II712700FT,890,1221.0,True,פרטי
II712700KB,1099,1443.0,False,פרטי
II712700KFT,970,1331.0,True,פרטי
II712700KT,995,1366.0,True,פרטי
II712700T,960,1318.0,True,פרטי
II912900KFB,1760,2310.0,False,פרטי
II912900KFT,1640,2153.0,False,פרטי
II511400B,599,822.0,False,פרטי
II511400T,480,659.0,True,פרטי
II711700FB,1099,1443.0,False,פרטי
II711700T,840,1153.0,False,פרטי
IG6405B,269,369.0,True,פרטי
IG6405T,249,342.0,True,פרטי
II310105FT,199,273.0,True,פרטי
II310105T,385,528.0,True,פרטי
II510400FT,329,452.0,True,פרטי
II510400T,470,645.0,True,פרטי
II710700KT,999,1371.0,False,פרטי
II710700T,790,1084.0,False,פרטי
AMD-R57600XT,750,1029.0,True,פרטי
AMD-R58500G,715,981.0,False,פרטי
AMD-R58600G,870,1194.0,False,פרטי
AMD-R77700T,795,1091.0,True,פרטי
AMD-R77700XT,1149,1508.0,False,פרטי
AMD-R7780030,1299,1705.0,True,פרטי
AMD-R78700G,1270,1667.0,False,פרטי
AMD-R97900XT,1390,1825.0,True,פרטי
AMD-R97950X3DT,1970,2586.0,True,פרטי
AMD-R97950XT,1870,2455.0,True,פרטי
AMD-R55500T,319,438.0,True,פרטי
AMD-R55600GT,449,616.0,True,פרטי
AMD-R55600GTB,540,741.0,False,פרטי
AMD-R55600T,390,535.0,True,פרטי
AMD-R55600XT,499,685.0,True,פרטי
AMD-R75700,699,959.0,False,פרטי
AMD-R75700GT,690,947.0,True,פרטי
AMD-R75700X3D,960,1318.0,False,פרטי
AMD-R75800X,750,1029.0,False,פרטי
AMD-R75800X3D,1099,1443.0,False,פרטי
AMD-R75800XT,730,1002.0,False,פרטי
CLM-B175420,4,6.0,True,פרטי
CLM-F2126,149,231.0,True,פרטי
CLM-F2127,116,180.0,False,פרטי
CLM-F2128,135,209.0,True,פרטי
CLM-F2150,149,231.0,False,פרטי
CLM-F2155,159,247.0,True,פרטי
CLM-F410R,87,135.0,False,פרטי
CLM-F4111,69,107.0,False,פרטי
CLM-F6120,349,541.0,False,פרטי
CLM-F61243,393,610.0,False,פרטי
CLM-F62200,242,375.0,False,פרטי
CLM-F70C,34,53.0,False,פרטי
CLM-F71C,57,88.0,False,פרטי
CLM-FMA824,410,636.0,False,פרטי
AN3-A30NAR,59,92.0,True,פרטי
AN3-A30NEO,49,76.0,True,פרטי
AN3-A30P,40,62.0,True,פרטי
AN3-A400I,79,123.0,True,פרטי
AN3-A400R,109,169.0,True,פרטי
AN3-A40P,75,116.0,True,פרטי
AN3-B1700AC,9,14.0,True,פרטי
AN3-F4001,129,200.0,True,פרטי
AN3-T120,43,67.0,True,פרטי
IF-RM1,49,76.0,True,פרטי
IF-RS1,39,61.0,True,פרטי
NH-D15,399,619.0,True,פרטי
NH-D15BK,440,683.0,True,פרטי
DC-AK620,335,460.0,True,פרטי
DC-AK620DIG,379,520.0,False,פרטי
CLM-L2421,299,410.0,False,פרטי
CLM-L2424,279,383.0,True,פרטי
CLM-L3602W,353,484.0,False,פרטי
CLM-L3603,353,484.0,True,פרטי
AN3-SYM2401,259,355.0,True,פרטי
AN3-SYM3601,322,442.0,True,פרטי
AN3-SYM3606,343,471.0,True,פרטי
AN3-V2400,290,398.0,True,פרטי
AN3-V3600,333,457.0,True,פרטי
215-H1000078,519,712.0,True,פרטי
215-H1001005,740,1016.0,True,פרטי
215-H10053,349,479.0,True,פרטי
215-H10058,530,727.0,True,פרטי
215-H10068,655,899.0,True,פרטי
215-H10072,650,892.0,True,פרטי
215-H11559,540,741.0,True,פרטי
215-H11569,665,913.0,True,פרטי
215-H1500079,670,920.0,False,פרטי
215-H1501003,890,1221.0,True,פרטי
215-H1501006,899,1234.0,False,פרטי
215-H15054,419,575.0,True,פרטי
215-H15060,690,947.0,False,פרטי
215-H15070,799,1097.0,True,פרטי
215-H15073,850,1167.0,True,פרטי
215-H1701004,999,1371.0,False,פרטי
215-H17071,930,1276.0,True,פרטי
94LC2405,399,548.0,True,פרטי
94LC2410,399,548.0,False,פרטי
94LC3602,730,1002.0,False,פרטי
94LC3610,499,685.0,False,פרטי
94LC3620,499,685.0,False,פרטי
CLM-MG-FUZE,39,54.0,True,פרטי
CLM-MG-ICE,29,40.0,True,פרטי
CLM-MGMK,29,40.0,False,פרטי
CLM-MGP2,29,40.0,False,פרטי
CLM-MGRR,23,32.0,False,פרטי
KF51648001,210,276.0,True,פרטי
KF51652401,225,295.0,True,פרטי
KF5165600R,440,578.0,False,פרטי
KF5166001,249,327.0,True,פרטי
KF5166002,249,327.0,True,פרטי
KF53248001,390,512.0,True,פרטי
KF53252001,399,524.0,False,פרטי
KF53252021,369,484.0,False,פרטי
KF532524002,369,484.0,False,פרטי
KF5325611,419,550.0,False,פרטי
KF5326011,443,582.0,False,פרטי
KF5-326036-RAE,499,655.0,True,פרטי
KF5-326036W-XE,519,681.0,True,פרטי
KF5-326040,480,630.0,False,פרטי
KF5-6460360XE,870,1142.0,True,פרטי
KF5-6460361AE,469,616.0,False,פרטי
KF5-646036RAE,980,1286.0,True,פרטי
KV5-3252100,399,524.0,False,פרטי
SK5-3260404000,430,564.0,False,פרטי
CR5-1648000,175,230.0,True,פרטי
CR5-1656000,209,274.0,True,פרטי
CR5-3248000,359,471.0,True,פרטי
CR5-3252000,369,484.0,True,פרטי
CR5-848000,98,129.0,True,פרטי
2CH12856000,1850,2429.0,False,פרטי
2CH3252001,428,562.0,False,פרטי
2CH325640K,465,610.0,True,פרטי
2CH325640W,485,637.0,True,פרטי
2CH3260001,475,624.0,True,פרטי
2CH326030BZK,555,729.0,True,פרטי
2CH3262000,469,616.0,False,פרטי
2CH3264000,499,655.0,True,פרטי
2CH5-325200,399,524.0,False,פרטי
2CH532524000,425,558.0,True,פרטי
2CH532563602,475,624.0,True,פרטי
2CH5325636WK,465,610.0,True,פרטי
2CH5326030,549,721.0,True,פרטי
2CH5326036,475,624.0,False,פרטי
2CH53260361,469,616.0,True,פרטי
2CH5-32603800,469,616.0,False,פרטי
2CH54860361,540,709.0,True,פרטי
2CH56452400,730,958.0,False,פרטי
2CH5645240BZK,740,971.0,True,פרטי
2CH5-6456401,810,1063.0,True,פרטי
2CH56460300,975,1280.0,True,פרטי
2CH5646030BZ,979,1285.0,True,פרטי
2CH5-64603800,869,1141.0,True,פרטי
2CH56460400,865,1136.0,False,פרטי
2CH56462320,1130,1483.0,True,פרטי
2CH59656400,1190,1562.0,True,פרטי
2CH6462000,975,1280.0,True,פרטי
2CK12856402,1670,2192.0,False,פרטי
2CK325640BCW,421,553.0,True,פרטי
2CK4860004,554,727.0,True,פרטי
2CK5-325200,389,511.0,True,פרטי
2CK53256401,419,550.0,True,פרטי
2CK532601361,494,648.0,True,פרטי
2CK5326030BZ,522,685.0,True,פרטי
2CK5326036DCW,499,655.0,True,פרטי
2CK5-32603801,399,524.0,False,פרטי
2CK5326040BZ,419,550.0,True,פרטי
2CK56452402,684,898.0,True,פרטי
2CK56452410,685,899.0,True,פרטי
2CK5-646000,855,1122.0,True,פרטי
2CK5646030BZ,910,1195.0,True,פרטי
2CK5-64603801,820,1076.0,True,פרטי
2CK56460402,799,1049.0,False,פרטי
2CK6456004,769,1009.0,True,פרטי
CK5-32520040C2,389,511.0,True,פרטי
CK5-32560036C2,464,609.0,True,פרטי
CK5-64520040C2,680,893.0,True,פרטי
2CK53260365,448,588.0,True,פרטי
KV5-848100,119,156.0,False,פרטי
CR41622,129,169.0,False,פרטי
CR416321,139,182.0,True,פרטי
CR43232,275,361.0,True,פרטי
CR48266U,65,85.0,False,פרטי
CR48320,75,98.0,True,פרטי
244728,77,101.0,True,פרטי
KF4163200,159,209.0,True,פרטי
KF4323200,299,393.0,True,פרטי
KF432800,86,113.0,True,פרטי
KV4163201,155,203.0,True,פרטי
KV48322201,85,112.0,True,פרטי
NT-4163200,119,156.0,True,פרטי
NT-4163252,129,169.0,True,פרטי
NT-4323252-2,255,335.0,True,פרטי
NT-483200,63,83.0,True,פרטי
NT-483252,69,91.0,True,פרטי
SK832160,69,91.0,False,פרטי
SK162619GIS,119,156.0,False,פרטי
SK163016GIS,99,130.0,False,פרטי
SK163216GD,137,180.0,False,פרטי
SK163216GIS,129,169.0,False,פרטי
SK163616GTZNC,199,261.0,False,פרטי
SK163619GVR,149,196.0,False,פרטי
SK163619GVRB,143,188.0,False,פרטי
2CMK832161,83,109.0,True,פרטי
2CMK836181,85,112.0,False,פרטי
2CMK1630161,135,177.0,False,פרטי
2CMK1632161,149,196.0,True,פרטי
2CMK163216E,169,222.0,True,פרטי
2CMK163618,175,230.0,False,פרטי
2CMW163216,209,274.0,True,פרטי
2CMG3232161,329,432.0,True,פרטי
2CMH323216,332,436.0,True,פרטי
2CMH323216W,329,432.0,False,פרטי
2CMK3232165,295,387.0,True,פרטי
2CMK3236180,310,407.0,True,פרטי
2CMN3236181,299,393.0,False,פרטי
2CMW323216E2,329,432.0,False,פרטי
2CMW323618D,352,462.0,True,פרטי
2CMK6432162,563,739.0,True,פרטי
2CMW643216E2,554,727.0,True,פרטי
NT-381600,59,77.0,True,פרטי
SK-D3816,67,88.0,False,פרטי
KF5-325236-RAE,419,550.0,False,פרטי
CT16G48C40S5,169,222.0,False,פרטי
CT32G48C40S5,359,471.0,False,פרטי
KV5S-164801,209,274.0,False,פרטי
KV5S-324801,385,505.0,True,פרטי
24163222S,149,196.0,True,פרטי
24434,75,98.0,True,פרטי
KV48322201S,79,104.0,True,פרטי
CR41619,129,169.0,True,פרטי
CR41632S,229,301.0,False,פרטי
CR41632TS,139,182.0,True,פרטי
CR4323200S,279,366.0,True,פרטי
CR48266S,67,88.0,True,פרטי
CR4832S,75,98.0,True,פרטי
SK41632220GRS,129,169.0,False,פרטי
NT-381655,59,77.0,True,פרטי
94SSD-AG512100,695,954.0,True,פרטי
94SSD-AG512200,1139,1563.0,True,פרטי
94SSD-AG450-10,339,465.0,True,פרטי
94SSD-AG4732-21,385,528.0,True,פרטי
94SSD-AG4732-22,630,865.0,True,פרטי
CRS-P3-4004,995,1366.0,False,פרטי
KSSD-KC30100,359,493.0,True,פרטי
KSSD-KC30200,595,817.0,True,פרטי
KSSD-KC30400,1299,1783.0,True,פרטי
KSSD-SNV2S1000,249,342.0,True,פרטי
KSSD-SNV2S2000,450,618.0,True,פרטי
KSSD-SNV2S4000,890,1221.0,True,פרטי
KSSD-SNV2S500,159,218.0,True,פרטי
NT-NV701004,349,479.0,True,פרטי
NT-NV702004,599,822.0,True,פרטי
NT-NV704004,960,1318.0,True,פרטי
SSD-SM980P1T,460,631.0,True,פרטי
SSD-SM980P2T,730,1002.0,True,פרטי
SSD-SM980P500,299,410.0,False,פרטי
SSD-SM990P1T,499,685.0,True,פרטי
SSD-SM990P2T,770,1057.0,True,פרטי
SSD-SM990P4T,1430,1963.0,True,פרטי
SSD-SM9B1256,69,95.0,False,פרטי
SSD-SM-V9100,470,645.0,True,פרטי
SSD-SM-V9200,699,959.0,True,פרטי
WDS5801000,285,391.0,True,פרטי
WDS5802000,439,602.0,False,פרטי
WDS580500,159,218.0,False,פרטי
94SSD-G325-100,299,410.0,True,פרטי
94SSD-G325-200,499,685.0,True,פרטי
CRS-P3-1000,199,273.0,False,פרטי
CRS-P3-2000,464,637.0,False,פרטי
CRS-P3-4000,850,1167.0,True,פרטי
CRS-P3-500,145,199.0,False,פרטי
SSD-SM991256,69,95.0,False,פרטי
SSD-V7S1T0BW,395,542.0,True,פרטי
SSD-V7S2T0BW,640,878.0,True,פרטי
SSD-V7S500BW,219,301.0,False,פרטי
SSD-V8V1T0BW,380,522.0,True,פרטי
SSD-V8V500BW,229,314.0,True,פרטי
WDS5701000,169,232.0,False,פרטי
ADS-650-240,69,95.0,False,פרטי
CRS-500BX500,139,191.0,True,פרטי
KING-SSD240A4,99,136.0,True,פרטי
KING-SSD480A4,139,191.0,True,פרטי
KING-SSD960A4,229,314.0,True,פרטי
NT-SSD600-1T,299,410.0,True,פרטי
NT-SSD600-256,89,122.0,False,פרטי
NT-SSD600-512,159,218.0,True,פרטי
SSD-SM87E1T,429,589.0,True,פרטי
SSD-SM87E2T,665,913.0,True,פרטי
SSD-SM87E4T,1350,1853.0,True,פרטי
SSD-SM87E500,229,314.0,True,פרטי
SSD-SN-4101T0,299,410.0,False,פרטי
SSD-SN-4101T01,229,314.0,False,פרטי
SSD-SN-4102000,390,535.0,False,פרטי
SSD-SN-410241,84,115.0,False,פרטי
SSD-SN-410481,139,191.0,False,פרטי
WDS1003,190,261.0,False,פרטי
WD101PURP,999,1371.0,False,פרטי
WD102KRYZ,1099,1508.0,False,פרטי
WD10EZEX,195,268.0,False,פרטי
WD10PURZ,199,273.0,False,פרטי
WD121KRYZ,1290,1770.0,False,פרטי
WD121PURP,1090,1496.0,False,פרטי
WD142KRYZ,1299,1783.0,False,פרטי
WD181KRYZ,1900,2608.0,True,פרטי
WD181PURP,1399,1920.0,False,פרטי
WD2005FBYZ,494,678.0,False,פרטי
WD20EFPX,375,515.0,False,פרטי
WD20EZBX,259,355.0,False,פרטי
WD23PURZ,249,342.0,False,פרטי
WD4003FRYZ,699,959.0,True,פרטי
WD40EFPX,490,672.0,True,פרטי
WD40EZAX,399,548.0,False,פרטי
WD43PURZ,375,515.0,False,פרטי
WD8001PURP,799,1097.0,False,פרטי
WD8004FRYZ,995,1366.0,False,פרטי
WD80EFZZ,850,1167.0,False,פרטי
TH-2001,235,323.0,False,פרטי
ST-HD1000,139,191.0,False,פרטי
ST-HD2001,195,268.0,False,פרטי
ST-HD4000,289,397.0,False,פרטי
WD-E1000,219,301.0,False,פרטי
WD-E2000,269,369.0,False,פרטי
WD-E4001,399,548.0,False,פרטי
WD-P1001,229,314.0,True,פרטי
WD-P2001,275,377.0,True,פרטי
WD-P4001,419,575.0,True,פרטי
WD-P5001,469,644.0,True,פרטי
NT-HDX-3381,219,301.0,True,פרטי
NT-HDX-3382,269,369.0,True,פרטי
NT-HDX-3384,385,528.0,False,פרטי
NT-HDX-391,249,342.0,True,פרטי
NT-HDX-392,299,410.0,True,פרטי
KSSDX-1010,319,438.0,True,פרטי
KSSDX-1020,475,652.0,True,פרטי
NT-ZS-1001,319,438.0,True,פרטי
NT-ZS-2001,490,672.0,True,פרטי
NT-ZS-501,99,136.0,False,פרטי
NT-ZX10-1000,390,535.0,True,פרטי
NT-ZX10-2000,554,760.0,True,פרטי
SMS-SM-T7200,565,775.0,True,פרטי
SMS-T75107,330,453.0,False,פרטי
KU-DTKN51200,109,143.0,False,פרטי
KU-DTX12800,27,42.0,False,פרטי
KU-DTXM25602,59,77.0,True,פרטי
KU-DTXM6400,19,29.0,True,פרטי
KU-DTXM12801,29,38.0,True,פרטי
KH-6430,32,50.0,True,פרטי
NT-SD-P5-1280,29,45.0,False,פרטי
NT-SD-P5-2560,55,85.0,True,פרטי
22201,57,88.0,True,פרטי
22212,99,154.0,True,פרטי
22217,99,154.0,False,פרטי
AED600,47,73.0,False,פרטי
DEC-HD25S,28,43.0,True,פרטי
DEC-HD25U3G,34,53.0,False,פרטי
DEC-HDDS-U3,93,144.0,False,פרטי
EC700G,159,247.0,False,פרטי
E-HDDS2-U3,123,191.0,False,פרטי
E-HD-U3,93,144.0,False,פרטי
E-USB3-M2,52,81.0,True,פרטי
K10435,83,129.0,True,פרטי
K1696P2,89,138.0,False,פרטי
K3016CL,415,644.0,False,פרטי
K3016SD,310,481.0,False,פרטי
K35272U3,208,323.0,False,פרטי
K35274D,562,872.0,False,פרטי
NT-WH12A,49,76.0,True,פרטי
NT-WH12C,49,76.0,True,פרטי
NT-WH51A,59,92.0,True,פרטי
NT-WH51C,74,115.0,True,פרטי
NT-WK12,15,23.0,True,פרטי
NT-WK13,19,29.0,True,פרטי
NT-WK14,24,37.0,True,פרטי
USBCR3,56,87.0,True,פרטי
AN1-4000,149,213.0,True,פרטי
AN1-AX20-E,149,213.0,False,פרטי
AN1-AX51,175,251.0,True,פרטי
AN1-AX61E,189,271.0,False,פרטי
AN1-AX81E,229,328.0,True,פרטי
AN1-AX90,249,357.0,True,פרטי
AN1-C8,349,500.0,False,פרטי
AN1-C8-W,369,528.0,False,פרטי
AN1-CX200M-RE,179,256.0,True,פרטי
AN1-CX200M-REW,189,271.0,False,פרטי
AN1-DF600F,319,457.0,True,פרטי
AN1-DF700FW,339,485.0,True,פרטי
AN1-NX270TG,149,213.0,True,פרטי
AN1-NX290,159,228.0,True,פרטי
AN1-NX292,179,256.0,True,פרטי
AN1-NX292W,189,271.0,True,פרטי
AN1-NX360E,175,251.0,False,פרטי
AN1-NX410-2,219,314.0,True,פרטי
AN1-NX410W-2,229,328.0,False,פרטי
AN1-NX4160,285,408.0,True,פרטי
AN1-NX4161,295,422.0,False,פרטי
AN1-NX500MAR,175,251.0,True,פרטי
AN1-P101S,359,514.0,True,פרטי
AN1-P10F,295,422.0,False,פרטי
AN1-P120C,375,537.0,False,פרטי
AN1-P20C,319,457.0,True,פרטי
AN1-P20CE,315,451.0,False,פרטי
AN1-P20CR,339,485.0,True,פרטי
AN1-P20CW,325,465.0,True,פרטי
AN1-P5,199,285.0,True,פרטי
AN1-P7N,219,314.0,False,פרטי
AN1-P7S,259,371.0,False,פרטי
AN1-PER1,530,759.0,True,פרטי
AN1-PER1-S,520,745.0,False,פרטי
AN1-PER1-W,525,752.0,True,פרטי
AN3-FU1212,59,106.0,False,פרטי
AN3-S120R,26,47.0,False,פרטי
CLM-C5045,440,630.0,False,פרטי
CLM-C7004,950,1360.0,True,פרטי
CLM-C7025,760,1088.0,True,פרטי
210-1000D,1790,2563.0,False,פרטי
210-220TB,329,471.0,False,פרטי
210-3000251,279,400.0,True,פרטי
210-3000252,299,428.0,False,פרטי
210-3000255,359,514.0,True,פרטי
210-3000256,359,514.0,True,פרטי
210-4000200,299,428.0,True,פרטי
210-4000201,299,428.0,False,פרטי
210-4000204,440,630.0,False,פרטי
210-4000205,399,571.0,True,פרטי
210-4000240,555,795.0,True,פרטי
210-4000241,554,793.0,True,פרטי
210-5000209,399,571.0,False,פרטי
210-5000210,575,823.0,True,פרטי
210-5000211,540,773.0,False,פרטי
210-5000212,650,931.0,True,פרטי
210-5000213,650,931.0,True,פרטי
210-5000230,1180,1690.0,True,פרטי
210-5000242,799,1144.0,True,פרטי
210-7000218,970,1389.0,True,פרטי
210-7000226,1099,1574.0,False,פרטי
211-8900434,60,120.0,False,פרטי
931606,169,242.0,False,פרטי
931610,159,228.0,True,פרטי
211-8900206,60,120.0,False,פרטי
211-8900432,70,140.0,True,פרטי
211-8900433,70,140.0,False,פרטי
211-8900435,60,120.0,False,פרטי
211-8900436,60,120.0,True,פרטי
211-8900437,60,120.0,True,פרטי
211-8900489,100,200.0,True,פרטי
211-8900490,100,200.0,True,פרטי
211-8900491,100,200.0,False,פרטי
211-8900492,100,200.0,False,פרטי
211-8900501,90,180.0,True,פרטי
211-8900502,90,180.0,True,פרטי
211-8900503,90,180.0,True,פרטי
211-8900504,90,180.0,True,פרטי
211-8900547,200,400.0,False,פרטי
AN11-20AX,40,80.0,True,פרטי
AN11-20P,70,140.0,False,פרטי
AN11-270NX,40,80.0,False,פרטי
AN11-2902NX,60,120.0,True,פרטי
AN11-2902NXW,60,120.0,True,פרטי
AN11-300NX,60,120.0,False,פרטי
AN11-31DP,50,100.0,False,פרטי
AN11-360NX,50,100.0,False,פרטי
AN11-400NX,60,120.0,True,פרטי
AN11-410NX,60,120.0,True,פרטי
AN11-51AX,45,90.0,True,פרטי
AN11-600NX,70,140.0,False,פרטי
AN11-61AX,55,110.0,True,פרטי
AN11-700NX,70,140.0,True,פרטי
AN11-81AX,70,140.0,True,פרטי
AN11-90AX,70,140.0,True,פרטי
AN11-DF67800,70,140.0,False,פרטי
AN3-F120BU,17,26.0,True,פרטי
AN3-F120BUW,17,26.0,False,פרטי
AN3-F121BU,17,30.0,True,פרטי
AN3-F140BU,19,34.0,False,פרטי
AN3-FS1211,43,77.0,False,פרטי
AN3-FS1233,119,213.0,False,פרטי
AN3-FST3120,29,52.0,True,פרטי
AN3-FST3140,43,77.0,False,פרטי
AN3-FU1211,65,116.0,False,פרטי
AN3-FU1213,169,303.0,True,פרטי
AN3-FU1215,269,482.0,True,פרטי
AN3-P1210,29,52.0,False,פרטי
AN3-P1230,59,106.0,True,פרטי
AN3-P12300,109,195.0,False,פרטי
AN3-P12500,169,303.0,False,פרטי
215-F140BU,30,47.0,False,פרטי
215-SP120108,57,102.0,False,פרטי
40905,7,11.0,False,פרטי
40907,11,17.0,True,פרטי
CLM-F120BUW,15,27.0,False,פרטי
CLM-MF12183,139,216.0,False,פרטי
CLM-MF12222,27,48.0,False,פרטי
CLM-MF12223,33,51.0,False,פרטי
CLM-MF1402,35,63.0,False,פרטי
215-F121BU,15,27.0,False,פרטי
221-8920335,79,198.0,True,פרטי
29046,6,15.0,False,פרטי
29050,4,10.0,True,פרטי
29052,4,6.0,True,פרטי
29053,7,18.0,False,פרטי
29058,2,5.0,True,פרטי
29076,7,18.0,False,פרטי
29078,3,8.0,True,פרטי
29090,1,2.0,True,פרטי
29999,17,42.0,True,פרטי
40900,8,20.0,True,פרטי
AN8-30101B,99,154.0,True,פרטי
AN8-30204GW,99,154.0,False,פרטי
AN8-30205PB,49,76.0,True,פרטי
AN8-30205PW,49,76.0,True,פרטי
AN8-HCG22,29,45.0,True,פרטי
AN8-SP11,29,45.0,True,פרטי
AN9-77707,129,200.0,True,פרטי
AN9-77714,149,231.0,True,פרטי
AN9-77720,119,185.0,True,פרטי
AN9-77721,135,209.0,True,פרטי
AN9-77724,30,47.0,True,פרטי
AN9-77725,40,62.0,True,פרטי
AN9-77736,33,51.0,True,פרטי
AN9-77737,23,36.0,True,פרטי
AN9-77739,29,45.0,True,פרטי
AN9-77799,159,247.0,True,פרטי
AN9-77803,25,39.0,True,פרטי
CLM-ARGB-R2,91,141.0,True,פרטי
CLM-B000,85,132.0,True,פרטי
CLM-B1602,39,61.0,True,פרטי
TM-SPK,5,12.0,False,פרטי
AN22-ATV550,149,204.0,True,פרטי
AN2-AB650,185,254.0,True,פרטי
AN2-AB750,199,273.0,True,פרטי
AN2-AV7500,185,254.0,True,פרטי
AN2-CSK5500,165,226.0,False,פרטי
AN2-CSK6500,195,268.0,True,פרטי
AN2-CSK7500,225,309.0,True,פרטי
AN2-NE100030,495,679.0,False,פרטי
AN2-NE130030,575,789.0,False,פרטי
AN2-NE750GM,319,438.0,True,פרטי
AN2-NE85010,375,515.0,True,פרטי
AN2-NE85030,459,630.0,False,פרטי
AN2-NE850GM,375,515.0,True,פרטי
AN2-SP1000,699,959.0,False,פרטי
AN2-SP1300,890,1221.0,True,פרטי
AN2-ST1000,870,1194.0,True,פרטי
AN2-VP550P,149,204.0,False,פרטי
AN2-VP650P,175,240.0,False,פרטי
94P10101,540,741.0,False,פרטי
94P10105,595,817.0,False,פרטי
94P1200,899,1234.0,False,פרטי
94P6505,229,314.0,True,פרטי
94P7500,359,493.0,True,פרטי
94P7510,299,410.0,False,פרטי
94P8500,469,644.0,True,פרטי
94P85005,430,590.0,True,פרטי
94P85009,399,548.0,False,פרטי
94P8510,339,465.0,False,פרטי
CLM-P105130,555,762.0,True,פרטי
CLM-P1250,580,796.0,True,פרטי
CLM-P125130,630,865.0,True,פרטי
CLM-P1313,870,1194.0,True,פרטי
CLM-P2000,1430,1963.0,False,פרטי
CLM-P6002,169,232.0,True,פרטי
CLM-P6015,189,259.0,False,פרטי
CLM-P7002,199,273.0,True,פרטי
CLM-P7015,229,314.0,False,פרטי
CLM-P7522,249,342.0,False,פרטי
CLM-P7530,269,369.0,False,פרטי
CLM-P8000,349,479.0,False,פרטי
CLM-P8502,399,548.0,False,פרטי
220-AX1600I,1790,2457.0,True,פרטי
220-CX650278,223,306.0,True,פרטי
220-CX750279,265,364.0,True,פרטי
220-HX1000259,899,1234.0,True,פרטי
220-HX1001,719,987.0,False,פרטי
220-HX1200,899,1234.0,False,פרטי
220-HX15001,999,1371.0,False,פרטי
220-HX1500261,1130,1551.0,True,פרטי
220-RM1000E,585,803.0,False,פרטי
220-RM1000XFM,690,947.0,False,פרטי
220-RM1000XS,795,1091.0,True,פרטי
220-RM100264,590,810.0,True,פרטי
220-RM120054,940,1290.0,True,פרטי
220-RM650280,295,405.0,True,פרטי
220-RM7501,375,515.0,False,פרטי
220-RM75051,575,789.0,True,פרטי
220-RM751X,533,731.0,True,פרטי
220-RM75262,449,616.0,True,פרטי
220-RM85052,619,850.0,True,פרטי
220-RM850E,399,548.0,False,פרטי
220-RM850X200,530,727.0,True,פרטי
220-RM85263,480,659.0,True,פרטי
CCPS-SAMA512,49,149.0,True,פרטי
CCPS-SAMA650,149,204.0,False,פרטי
GBN-16X-4354K,5550,6955.0,True,פרטי
GBN-16X-4354S,6450,8082.0,True,פרטי
GBN-16X-5354H,6999,8770.0,True,פרטי
GBN-16X-6565H,7999,10023.0,True,פרטי
GBN-AE16-73994,7350,9210.0,False,פרטי
GBN-G5-2354D,3750,4699.0,False,פרטי
GBN-G5-3313SD,3490,4373.0,True,פרטי
GBN-G5-3354D,3980,4987.0,False,פרטי
GBN-G6-3853SD,3999,5011.0,True,פרטי
GBN-G6X-42854D,3950,4950.0,False,פרטי
GBN-G6X-43854,4150,5200.0,True,פרטי
GBN-G7-2213D,3499,4384.0,True,פרטי
GBN-G7-3213SD,3699,4635.0,True,פרטי
LNN-315-35IV,1199,1502.0,True,פרטי
LNN-315-3D1,1125,1410.0,False,פרטי
LNN-315-CLIV8,1299,1628.0,False,פרטי
LNN-3SL16-0J,1840,2306.0,False,פרטי
LNN-3SL16-0Q,1920,2406.0,False,פרטי
LNN-3SL16-0T,2085,2613.0,False,פרטי
LNN-3SL-3U,1890,2368.0,False,פרטי
LNN-3SL-4J,1590,1992.0,False,פרטי
LNN-V14-24IV,1099,1377.0,False,פרטי
LNN-V14-3WIV,970,1215.0,False,פרטי
LNN-V14-42IV,1970,2469.0,True,פרטי
LNN-V14-66IV,1430,1792.0,True,פרטי
LNN-V14-79IV,1440,1804.0,False,פרטי
LNN-V14-7NIV,1499,1878.0,True,פרטי
LNN-V14-7SIV,2070,2594.0,True,פרטי
LNN-V14-GMIV,1079,1352.0,True,פרטי
LNN-V15-44IV,960,1203.0,True,פרטי
ASN-1401-076,1599,2004.0,True,פרטי
ASN-1401-179,1350,1692.0,False,פרטי
ASN-1401-180,1350,1692.0,False,פרטי
ASN-1404-005,890,1115.0,True,פרטי
ASN-1404-065,2399,3006.0,False,פרטי
ASN-1404-066,1740,2180.0,False,פרטי
ASN-1404-067,1699,2129.0,False,פרטי
ASN-1404-068,1399,1753.0,False,פרטי
ASN-1404-101,2180,2732.0,True,פרטי
ASN-1404-102,1699,2129.0,False,פרטי
ASN-1404-111,2199,2756.0,False,פרטי
ASN-1404-112,1699,2129.0,False,פרטי
ASN-1404-113,1599,2004.0,False,פרטי
ASN-1405-075,2499,3131.0,True,פרטי
ASN-1405-308,2999,3758.0,False,פרטי
ASN-1502-81352,1970,2469.0,False,פרטי
ASN-1502-8929,2299,2881.0,False,פרטי
ASN-1504-005,1840,2306.0,False,פרטי
ASN-1504-027,1580,1980.0,True,פרטי
ASN-1504-030,1199,1502.0,True,פרטי
ASN-1504-042,1520,1905.0,True,פרטי
ASN-1504-102,1150,1441.0,True,פרטי
ASN-1504-1121,1220,1529.0,True,פרטי
ASN-1504-131,935,1172.0,True,פרטי
ASN-1504-140,2850,3571.0,False,פרטי
ASN-1504-141,2280,2857.0,False,פרטי
ASN-1504-142,1890,2368.0,False,פרטי
ASN-1504-143,1540,1930.0,False,פרטי
ASN-1504-202,1255,1573.0,False,פרטי
ASN-1504-203,1690,2118.0,False,פרטי
ASN-1504-204,2150,2694.0,True,פרטי
ASN-1504-205,2380,2982.0,False,פרטי
ASN-1504-206,2260,2832.0,True,פרטי
ASN-1504-207,2150,2694.0,False,פרטי
ASN-1504-866,1255,1573.0,False,פרטי
ASN-1605-195,2999,3758.0,False,פרטי
ASN-1704-302,2550,3195.0,True,פרטי
ASN-1704-322,2210,2769.0,False,פרטי
ASN-3402-051,2950,3697.0,False,פרטי
ASN-3402-063,4290,5376.0,False,פרטי
ASN-3402-144,3199,4009.0,False,פרטי
ASN-3402-370,3299,4134.0,False,פרטי
ASN-3402-371,3370,4223.0,False,פרטי
ASN-3405-156,4750,5952.0,False,פרטי
ASN-3405-278,4800,6015.0,False,פרטי
ASN-3405-279,4555,5708.0,False,פרטי
ASN-3405-282,3750,4699.0,True,פרטי
ASN-3504-106,2399,3006.0,False,פרטי
ASN-3504-107,2790,3496.0,False,פרטי
ASN-3504-219,2130,2669.0,False,פרטי
ASN-3605-1305,3190,3997.0,False,פרטי
ASN-415-2005,1199,1502.0,True,פרטי
ASN-506-057,2870,3596.0,False,פרטי
ASN-506-059,2730,3421.0,False,פרטי
ASN-507-001,4590,5752.0,False,פרטי
ASN-507-043,4250,5326.0,False,פרטי
ASN-507-057,4150,5200.0,False,פרטי
ASN-507-060,4980,6240.0,False,פרטי
ASN-507-061,4980,6240.0,False,פרטי
ASN-507-065-2,4950,6203.0,False,פרטי
ASN-507-066,5150,6453.0,False,פרטי
ASN-507-077,5470,6854.0,False,פרטי
ASN-507-083,6160,7719.0,False,פרטי
ASN-507-085,4490,5626.0,False,פרטי
ASN-507-086,4490,5626.0,False,פרטי
ASN-507-105,3090,3872.0,False,פרטי
ASN-507-122,2980,3734.0,True,פרטי
ASN-507-131,4670,5852.0,False,פרטי
ASN-507-139,4150,5200.0,False,פרטי
ASN-507-150,3370,4223.0,False,פרטי
ASN-507-154,4290,5376.0,False,פרטי
ASN-515-450,765,959.0,True,פרטי
ASN-5304-003,3650,4574.0,False,פרטי
ASN-5304-072,3980,4987.0,False,פרטי
ASN-5304-308,3190,3997.0,True,פרטי
ASN-5304-310,4170,5225.0,False,פרטי
ASN-6500-135,3270,4098.0,False,פרטי
ASN-707-078,4550,5701.0,False,פרטי
ASN-707-131,4690,5877.0,False,פרטי
ASN-E1404-077,1099,1377.0,True,פרטי
ASN-E1504030,899,1127.0,True,פרטי
ASN-E1504170,899,1127.0,True,פרטי
DLN-3420-14869,2199,2756.0,True,פרטי
DLN-3420-6001,1799,2254.0,False,פרטי
DLN-3420-7001,2199,2756.0,False,פרטי
DLN-3510-3015,1299,1628.0,False,פרטי
DLN-3511-5034,1890,2368.0,False,פרטי
DLN-3520-14446,2199,2756.0,True,פרטי
DLN-3520-14448,1740,2180.0,True,פרטי
DLN-3520-14686,1469,1841.0,True,פרטי
DLN-3520-3009,1269,1590.0,False,פרטי
DLN-3530-14382,2900,3634.0,False,פרטי
HPN-15-2007,1099,1377.0,False,פרטי
HPN-240-136,1750,2193.0,False,פרטי
HPN-240-51280,1480,1855.0,True,פרטי
HPN-250-31202,1159,1452.0,True,פרטי
HPN-250-51200,1599,2004.0,True,פרטי
HPN-250-51216,1699,2129.0,True,פרטי
HPN-250-711165,1790,2243.0,False,פרטי
HPN-V16-374500,3999,5011.0,True,פרטי
HPN-V16-374601,4290,5376.0,True,פרטי
ASN-515-493,765,959.0,True,פרטי
ACN-EX-W3Y,149,213.0,True,פרטי
ACN-NT-W3Y,259,371.0,True,פרטי
ASN-UX-W3Y,380,544.0,False,פרטי
ASN-W3Y-GAM,435,623.0,True,פרטי
ASN-W3Y-LAP,249,357.0,True,פרטי
ASN-W3Y-PRO,249,357.0,True,פרטי
ASN-W3Y-VIVO,319,457.0,True,פרטי
ASN-W3Y-ZEN,420,601.0,False,פרטי
HPN-W3Y-200,235,337.0,True,פרטי
LNN-NB-W3Y,239,342.0,False,פרטי
LNN-YY-W3Y,285,408.0,True,פרטי
TIK133,26,40.0,True,פרטי
TIK140,26,40.0,True,פרטי
TIK140-2500,32,50.0,True,פרטי
TIK156,26,40.0,True,פרטי
TIK156BK,34,53.0,True,פרטי
TIK173,38,59.0,True,פרטי
TIK210,49,76.0,False,פרטי
TIK210G,49,76.0,False,פרטי
TIK-AS-4700,105,163.0,True,פרטי
TIK-AS-EOS2B,82,127.0,True,פרטי
TIK-AS-EOS2G,82,127.0,True,פרטי
TIK-AS-NER,47,73.0,True,פרטי
TIK-DL-15,63,98.0,True,פרטי
TIK-GAV-DL2,73,113.0,True,פרטי
TIK-GAV-DL4,113,175.0,True,פרטי
TIK-GAV-LN,58,90.0,True,פרטי
40AY0090IS,820,1272.0,True,פרטי
NT-WF13,44,68.0,True,פרטי
NT-WF14,54,84.0,True,פרטי
NT-WF15,110,171.0,True,פרטי
ST-U-2470,374,580.0,False,פרטי
ST-U-900,319,495.0,False,פרטי
SU-C06,139,216.0,True,פרטי
SU-C12,170,264.0,False,פרטי
SU-C13,210,326.0,True,פרטי
SU-C15,235,365.0,False,פרטי
SU-C20,325,504.0,False,פרטי
UDS-2H,349,541.0,True,פרטי
UDS-U3,315,489.0,False,פרטי
WP-HB401,99,154.0,False,פרטי
WP-HB422,53,82.0,True,פרטי
WP-HB439,195,303.0,True,פרטי
WP-HB489,232,360.0,False,פרטי
WP-HB703,269,417.0,True,פרטי
SLM-2730,419,570.0,False,פרטי
SLM-2740,519,706.0,False,פרטי
SLM-32165,685,932.0,False,פרטי
SLM-F270M,353,480.0,False,פרטי
SLM-F272P,379,516.0,True,פרטי
SLM-H2390P,272,370.0,True,פרטי
SLM-J2385,373,507.0,False,פרטי
SLM-J2396,399,543.0,False,פרטי
SAML24310,385,524.0,True,פרטי
SAML24320,711,967.0,True,פרטי
SAML27310,490,667.0,True,פרטי
SAML27320,899,1223.0,True,פרטי
SAML27360,609,829.0,True,פרטי
SAML27391R,649,883.0,False,פרטי
SAML27552EM,1040,1415.0,False,פרטי
SAML32320,1130,1537.0,False,פרטי
SAML32503,810,1102.0,False,פרטי
SAML32506,975,1326.0,False,פרטי
SAML32552,1299,1767.0,True,פרטי
SAML34550,1620,2204.0,True,פרטי
DLM-AW25230,1320,1796.0,False,פרטי
DLM-AW2723DF,2250,3061.0,False,פרטי
DLM-E2424HS,499,679.0,False,פרטי
DLM-G2422HS,675,918.0,False,פרטי
DLM-G2524H,870,1184.0,False,פרטי
DLM-G2722HS,690,939.0,False,פרטי
DLM-G2724D,999,1359.0,False,פרטי
DLM-P2422H,554,754.0,False,פרטי
DLM-P2423,619,842.0,False,פרטי
DLM-P2722H,650,884.0,False,פרטי
DLM-P2722HE,799,1087.0,False,פרטי
DLM-S2421H,469,638.0,False,פרטי
DLM-S2421HN,419,570.0,False,פרטי
DLM-S2421HS,499,679.0,False,פרטי
DLM-S2422HG,619,842.0,False,פרטי
DLM-S2522HG,770,1048.0,False,פרטי
DLM-S27210,775,1054.0,False,פרטי
DLM-S2721H,590,803.0,False,פרטי
DLM-S2721HN,540,735.0,False,פרטי
DLM-S3222DGM,1199,1631.0,False,פרטי
DLM-S3422DWG,1480,2014.0,False,פרטי
DLM-SE2422H,332,452.0,True,פרטי
DLM-SE2722H,399,543.0,True,פרטי
DLM-SE3223Q,999,1359.0,False,פרטי
DLM-U2722D,1099,1495.0,False,פרטי
GBM-2402,650,884.0,True,פרטי
GBM-2724,955,1299.0,True,פרטי
GBM-2726,760,1034.0,True,פרטי
GBM-2729,770,1048.0,False,פרטי
GBM-2744,1135,1544.0,True,פרטי
GBM-2747,1540,2095.0,True,פרטי
GBM-2790,1999,2720.0,False,פרטי
GBM-2800,1790,2435.0,True,פרטי
GBM-3202,1199,1631.0,True,פרטי
GBM-3228,2499,3400.0,True,פרטי
GBM-3240,1199,1631.0,True,פרטי
GBM-3403,1390,1891.0,True,פרטי
GBM-3408,2490,3388.0,True,פרטי
GBM-3420,1730,2354.0,True,פרטי
MAGC24VS,350,476.0,False,פרטי
MAG-G24IPS,299,407.0,False,פרטי
MAG-G27PS,389,529.0,False,פרטי
MAGV27IPS,389,529.0,False,פרטי
LNM-2440,329,448.0,True,פרטי
LNM-2740,440,599.0,True,פרטי
MAGTV42SFHD,740,1007.0,False,פרטי
MAGTV-4KQ43,985,1340.0,False,פרטי
MAGTV-4KQ50,1030,1401.0,False,פרטי
MAGTV-4KQ85,3799,5168.0,True,פרטי
MAGTV-55D23,1415,1925.0,True,פרטי
MAGTV-65D23,1820,2476.0,False,פרטי
MAGTV-75D23,2660,3619.0,True,פרטי
65009,39,82.0,True,פרטי
65024,52,109.0,True,פרטי
65026,49,103.0,True,פרטי
65033,85,178.0,True,פרטי
65038,80,168.0,True,פרטי
65058,100,210.0,True,פרטי
65059,165,346.0,False,פרטי
65075,104,218.0,True,פרטי
65077,165,346.0,False,פרטי
65085,55,85.0,True,פרטי
65150,178,374.0,True,פרטי
KY200-BT,48,74.0,True,פרטי
LOG-205,36,56.0,False,פרטי
LOG-230,235,365.0,True,פרטי
LOG-380W,127,197.0,False,פרטי
US-118,25,39.0,True,פרטי
LOG-213,185,287.0,False,פרטי
US-173,42,65.0,True,פרטי
US-2400,32,50.0,True,פרטי
US-715,44,68.0,False,פרטי
LOG-102,25,39.0,True,פרטי
US-275,13,20.0,True,פרטי
US-276,13,20.0,True,פרטי
LN-530-84,38,59.0,False,פרטי
LN-530-89,38,59.0,False,פרטי
LOG-152,126,195.0,False,פרטי
LOG-170,37,57.0,False,פרטי
LOG-170MG,37,57.0,False,פרטי
LOG-171,38,59.0,True,פרטי
LOG-171W,39,61.0,False,פרטי
LOG-720,137,213.0,False,פרטי
US-240,27,42.0,False,פרטי
US-7009B,29,45.0,True,פרטי
US-7009WG,29,45.0,True,פרטי
US-8008,29,45.0,True,פרטי
US-8200S,39,61.0,True,פרטי
CLM-KM3010,125,194.0,False,פרטי
CLM-KM3110,162,251.0,False,פרטי
LOG-122,59,92.0,True,פרטי
US-200KM,33,51.0,True,פרטי
ASKM-CW100,69,107.0,True,פרטי
ASKM-CW100A,69,107.0,False,פרטי
DLKM-3322W,89,138.0,True,פרטי
LOG-330,86,133.0,False,פרטי
LOG-407,92,143.0,True,פרטי
LOG-540MK,174,270.0,True,פרטי
US-8101,57,88.0,True,פרטי
CLM-MP511L,49,76.0,True,פרטי
CLM-MP511XL,65,101.0,False,פרטי
US-100,19,29.0,True,פרטי
US-260,39,61.0,True,פרטי
US-600H,49,76.0,True,פרטי
LOG-200,116,180.0,False,פרטי
LOG-207,164,254.0,False,פרטי
LOG-207W,176,273.0,False,פרטי
LOG-333,196,304.0,False,פרטי
LOG-517,53,82.0,False,פרטי
18042BK,110,171.0,True,פרטי
18048,125,194.0,True,פרטי
18049BK,83,129.0,True,פרטי
18049W,83,129.0,True,פרטי
18065,137,213.0,True,פרטי
18360,379,588.0,False,פרטי
US-129,32,50.0,False,פרטי
US-161,29,45.0,True,פרטי
US-280,32,50.0,False,פרטי
US-385BT,54,84.0,True,פרטי
E-MIC-50,39,61.0,False,פרטי
CLM-CH331,122,189.0,False,פרטי
LOG-340,86,133.0,True,פרטי
LOG-390,113,175.0,True,פרטי
LOG-703,41,64.0,True,פרטי
US-04S,29,45.0,True,פרטי
US-05A,43,67.0,False,פרטי
US-200,19,29.0,True,פרטי
US-220,43,67.0,True,פרטי
US-560,45,70.0,True,פרטי
US-600V,59,92.0,True,פרטי
US-610,45,70.0,True,פרטי
US-710,89,138.0,False,פרטי
NT-WF11,19,48.0,True,פרטי
USB34A,73,182.0,False,פרטי
USB34AS,48,120.0,True,פרטי
USB34P,37,92.0,True,פרטי
USB4A,28,70.0,True,פרטי
USB4P,18,45.0,True,פרטי
USB7A,39,98.0,False,פרטי
WP-HB436,65,162.0,True,פרטי
WP-HB437,54,135.0,True,פרטי
29004,11,17.0,True,פרטי
29350,78,121.0,False,פרטי
29355,98,152.0,False,פרטי
29360,107,166.0,False,פרטי
29081,9,32.0,True,פרטי
29081K,12,42.0,True,פרטי
29081W,26,91.0,False,פרטי
29082K,16,56.0,False,פרטי
29082W,37,130.0,False,פרטי
29083,22,77.0,True,פרטי
29083F,182,637.0,True,פרטי
29083K,36,126.0,False,פרטי
29085,13,46.0,True,פרטי
29085F,163,570.0,False,פרטי
29085K,21,74.0,True,פרטי
29101,14,49.0,True,פרטי
29109,39,136.0,False,פרטי
29109F,230,805.0,True,פרטי
29110,14,49.0,True,פרטי
29113F,269,942.0,True,פרטי
29115F,317,1110.0,True,פרטי
29115K,9,32.0,True,פרטי
29115W,21,74.0,True,פרטי
29212,25,39.0,True,פרטי
29224,17,60.0,True,פרטי
29230,32,112.0,True,פרטי
E-USB3-HDMI,86,301.0,False,פרטי
29102,9,22.0,False,פרטי
29103,22,55.0,True,פרטי
29105,17,42.0,False,פרטי
29107,39,98.0,True,פרטי
29216,14,22.0,True,פרטי
29221,41,64.0,True,פרטי
29120,20,70.0,True,פרטי
29123,22,77.0,False,פרטי
29125,35,122.0,True,פרטי
29202,18,28.0,True,פרטי
29204,25,39.0,False,פרטי
29206,21,33.0,True,פרטי
29207,18,63.0,True,פרטי
29208,43,150.0,True,פרטי
29210,16,25.0,True,פרטי
29222,18,63.0,True,פרטי
29245,48,168.0,True,פרטי
29249,97,340.0,False,פרטי
29035,9,14.0,True,פרטי
29150,48,74.0,True,פרטי
29555,83,129.0,False,פרטי
29008,8,12.0,False,פרטי
29026,28,43.0,True,פרטי
29071,17,42.0,False,פרטי
29072,17,42.0,False,פרטי
29073,9,22.0,True,פרטי
29087,14,35.0,True,פרטי
29104,14,35.0,False,פרטי
29108,15,38.0,False,פרטי
29214,18,28.0,True,פרטי
29020,8,16.0,True,פרטי
29021,11,22.0,False,פרטי
29022,8,16.0,True,פרטי
29023,10,20.0,True,פרטי
29024,29,58.0,True,פרטי
29325,103,215.0,False,פרטי
294110,22,46.0,True,פרטי
29418,19,40.0,True,פרטי
294310,31,65.0,True,פרטי
29438,29,61.0,True,פרטי
29460,22,46.0,True,פרטי
100126110,17,42.0,False,פרטי
29030,6,15.0,False,פרטי
29061,17,42.0,False,פרטי
29132,8,20.0,True,פרטי
29133,9,22.0,True,פרטי
29135,10,25.0,False,פרטי
29137,11,28.0,True,פרטי
29142,5,12.0,True,פרטי
29145,69,172.0,False,פרטי
29146,22,55.0,True,פרטי
29147,27,68.0,False,פרטי
29148,35,88.0,False,פרטי
29153,76,190.0,True,פרטי
29160,12,30.0,False,פרטי
29163,19,48.0,False,פרטי
29240,36,56.0,False,פרטי
29244,35,54.0,False,פרטי
29246,14,35.0,True,פרטי
29248,14,35.0,True,פרטי
29254,62,155.0,True,פרטי
29256,33,82.0,True,פרטי
29261,18,45.0,True,פרטי
29263,19,48.0,True,פרטי
95CBL10,49,122.0,False,פרטי
USBBT4,23,36.0,True,פרטי
USBBT5,37,57.0,False,פרטי
USBCR,19,48.0,True,פרטי
18502,138,214.0,True,פרטי
E-CAM-1080,73,113.0,True,פרטי
LNC-802,115,178.0,False,פרטי
LOG-105,134,208.0,True,פרטי
LOG-612,159,247.0,False,פרטי
LOG-919,217,337.0,False,פרטי
US-1000,59,92.0,True,פרטי
US-1002,111,172.0,True,פרטי
US-5400,105,163.0,True,פרטי
US-6000,89,138.0,True,פרטי
12862,93,144.0,True,פרטי
95GC-MPLR10,242,375.0,True,פרטי
USB3X4-PCIE,53,82.0,True,פרטי
CLM-NERGO3,159,247.0,False,פרטי
CLM-NPX150,169,262.0,False,פרטי
CLM-NU220,110,171.0,True,פרטי
926903,351,545.0,False,פרטי
926988,350,543.0,False,פרטי
926993,356,552.0,False,פרטי
29305,27,56.0,True,פרטי
29310,45,94.0,True,פרטי
29414,16,33.0,True,פרטי
29416,18,38.0,False,פרטי
29434,24,50.0,True,פרטי
29436,27,56.0,False,פרטי
41275,25,39.0,True,פרטי
CLM-S101,19,29.0,True,פרטי
41265,16,25.0,True,פרטי
926154,115,178.0,False,פרטי
CD-MF4,175,261.0,True,פרטי
DK-20-932,181,270.0,False,פרטי
916023,269,401.0,False,פרטי
916028,328,489.0,False,פרטי
916036,214,319.0,False,פרטי
916044,131,195.0,False,פרטי
916048,162,242.0,False,פרטי
916049,234,349.0,False,פרטי
CD-AX1500,144,215.0,True,פרטי
CD-LT400,185,276.0,True,פרטי
CD-LT500,224,334.0,True,פרטי
CD-LT500-OD,441,658.0,False,פרטי
CD-M1300-3,361,539.0,True,פרטי
CD-M1800-3,585,873.0,True,פרטי
CD-P5,1420,2118.0,True,פרטי
CD-WR1300E,106,158.0,True,פרטי
CD-WR3000,177,264.0,True,פרטי
CD-X6,177,264.0,True,פרטי
DK-20-1530,182,271.0,False,פרטי
DK-20-224,125,186.0,False,פרטי
DK-20-825,145,216.0,False,פרטי
DK-20-842,134,200.0,False,פרטי
DK-20-921,332,495.0,True,פרטי
DK-40-0101,77,115.0,True,פרטי
DK-40-5402,328,489.0,True,פרטי
TND-N301,55,82.0,False,פרטי
916150,499,744.0,False,פרטי
916102,30,45.0,False,פרטי
926104,35,52.0,False,פרטי
926609,286,427.0,False,פרטי
DK-10-1008A,28,42.0,True,פרטי
916101,93,139.0,False,פרטי
916103,58,87.0,True,פרטי
916107,310,462.0,False,פרטי
916108,419,625.0,False,פרטי
916111,815,1216.0,True,פרטי
916119,384,573.0,False,פרטי
926101,95,142.0,True,פרטי
CD-GS105D,36,54.0,True,פרטי
CD-GS108D,58,87.0,True,פרטי
CIS-105,133,198.0,True,פרטי
CIS-108,169,252.0,True,פרטי
CIS-116-2,488,728.0,True,פרטי
CIS-124-2,715,1067.0,True,פרטי
DK-11-1005A,55,82.0,False,פרטי
DK-11-1008A,73,109.0,True,פרטי
DK-11-1016D,212,316.0,False,פרטי
DK-11-1024C,283,422.0,False,פרטי
DK-11-1024D,264,394.0,True,פרטי
UCY-GS1016,229,342.0,False,פרטי
926611,280,418.0,False,פרטי
926613,292,436.0,False,פרטי
926614,155,231.0,False,פרטי
926617,1180,1760.0,False,פרטי
926626,1080,1611.0,False,פרטי
926627,1499,2236.0,False,פרטי
CIS-110P08,430,641.0,True,פרטי
CIS-110P16,709,1058.0,True,פרטי
CIS-220P24,1529,2281.0,False,פרטי
DK-13-88,380,567.0,False,פרטי
NG-GS728TPP,1800,2685.0,False,פרטי
TND-1105-463,135,201.0,False,פרטי
CIS-22016,640,955.0,False,פרטי
CIS-22024,738,1101.0,True,פרטי
CIS-22048,1475,2200.0,False,פרטי
CIS-25024,915,1365.0,False,פרטי
DK-12-110024,499,744.0,False,פרטי
DK-12-121052,1110,1656.0,False,פרטי
916117,76,113.0,False,פרטי
916094,101,151.0,False,פרטי
926093,114,170.0,True,פרטי
926094,74,110.0,False,פרטי
CD-M1200-2,195,291.0,True,פרטי
CD-M1200-3,285,425.0,True,פרטי
CD-RE1200,96,143.0,True,פרטי
CD-RE3000,175,261.0,True,פרטי
CIS-150AX,435,649.0,False,פרטי
DK-25-1360,92,137.0,True,פרטי
DK-25-1610,118,176.0,False,פרטי
29235,49,76.0,True,פרטי
29690,93,139.0,True,פרטי
4GLTE-USB,95,142.0,True,פרטי
916031,35,52.0,False,פרטי
916032,37,55.0,False,פרטי
916039,31,46.0,False,פרטי
916046,65,97.0,False,פרטי
916051,93,139.0,False,פרטי
916052,97,145.0,False,פרטי
916054,54,81.0,False,פרטי
916058,69,103.0,True,פרטי
916060,188,292.0,False,פרטי
916062,58,87.0,False,פרטי
916064,39,58.0,True,פרטי
916067,67,100.0,True,פרטי
916068,97,145.0,False,פרטי
916069,217,324.0,True,פרטי
926037,29,43.0,False,פרטי
926039,92,137.0,True,פרטי
926046,62,92.0,False,פרטי
926061,34,51.0,False,פרטי
926065,39,58.0,False,פרטי
926068,367,547.0,False,פרטי
CD-PE25,67,100.0,True,פרטי
CD-WE3000S,145,216.0,True,פרטי
DK-30-172,65,97.0,True,פרטי
DK-30-1850,195,291.0,False,פרטי
DK-30-2312,50,75.0,True,פרטי
DK-30-2315,100,149.0,True,פרטי
DK-30-562,95,142.0,False,פרטי
DK-30-582B,95,142.0,False,פרטי
NT-WF12,49,73.0,True,פרטי
PRV-4GPRO,125,186.0,True,פרטי
ST-N-641,75,112.0,True,פרטי
SU-USB3-LAN,40,60.0,True,פרטי
SU-USBC-LAN,40,60.0,False,פרטי
TND-U18,121,181.0,True,פרטי
TND-U18A,159,237.0,True,פרטי
N1057,2,7.0,True,פרטי
N1058,3,10.0,True,פרטי
N1060,4,14.0,False,פרטי
N1062,4,14.0,False,פרטי
N1064,4,14.0,False,פרטי
N1065,5,18.0,True,פרטי
N1072,3,10.0,True,פרטי
N1075,9,32.0,False,פרטי
N1077,18,63.0,False,פרטי
N3151,55,192.0,False,פרטי
N3361,155,542.0,True,פרטי
N1066,4,14.0,True,פרטי
N1067,8,28.0,False,פרטי
N1068,7,24.0,False,פרטי
N1069,7,24.0,False,פרטי
N1073,4,14.0,True,פרטי
N1076,13,46.0,False,פרטי
N1078,21,74.0,False,פרטי
N1083,7,24.0,False,פרטי
N2361,255,892.0,False,פרטי
N1052,219,766.0,False,פרטי
N1165,6,21.0,False,פרטי
N1171,8,28.0,False,פרטי
N1172,9,32.0,True,פרטי
N1173,9,32.0,False,פרטי
N1175,15,52.0,True,פרטי
N1177,22,77.0,True,פרטי
N2073,639,2236.0,False,פרטי
N1006,255,609.0,False,פרטי
N1014,56,134.0,False,פרטי
N1020,42,65.0,True,פרטי
N1025,97,232.0,False,פרטי
N1033,160,382.0,False,פרטי
N2020,33,79.0,False,פרטי
N2022,19,45.0,True,פרטי
N2024,44,105.0,False,פרטי
N3246,138,329.0,True,פרטי
N1080,4,14.0,False,פרטי
N1082,4,14.0,False,פרטי
N1090,8,28.0,True,פרטי
N1094,27,94.0,True,פרטי
N1084,8,28.0,True,פרטי
N1092,10,35.0,True,פרטי
N1095,2,7.0,True,פרטי
N1092A,13,46.0,True,פרטי
N2095,7,24.0,True,פרטי
N1040,33,79.0,True,פרטי
N1041,41,56.0,True,פרטי
N10990,33,79.0,False,פרטי
UPSBT1270,50,78.0,True,פרטי
UPSBT1275,63,98.0,True,פרטי
UPSBT1290,73,113.0,True,פרטי
APC-1002,319,495.0,False,פרטי
APC-2200,729,1131.0,True,פרטי
APC-652,239,371.0,True,פרטי
APC-802,269,417.0,True,פרטי
ET-5E700U,269,417.0,True,פרטי
ET-5E900U,325,504.0,False,פרטי
